id,Domain,Status,Attractiveness,Demand,Length,Registrar,Created,Expires
e558c354-ec0e-441e-a7bc-e1f5e4d0384b,banking.accountant,premium,76,20,7,,,
78492a50-3d77-4bfd-a36b-b90875310362,banking.accountants,available,76,20,7,,,
59f9e0e0-38d0-4936-834f-dc0031e904e5,banking.actor,available,76,20,7,,,
46794d21-5c8c-4ea1-94ec-7120f22371d2,banking.adult,available,76,20,7,,,
56d30466-c99f-4610-8634-0deb019d368a,banking.agency,resell,76,20,7,"Sav.com, LLC - 37",30/11/2024 17:00,30/11/2026 17:00
52a906d7-1a50-4fc1-8020-6d1b63e0dcef,banking.airforce,available,76,20,7,,,
e76b3eca-0302-4151-9021-b898be77cf46,banking.apartments,available,76,20,7,,,
db1be0c2-c9e4-419d-af67-6ea88adc398f,banking.app,sold,76,20,7,"GoDaddy.com, LLC",19/07/2020 08:25,19/07/2026 08:25
528b15bc-ef08-4a4f-a1b6-3887582feb73,banking.archi,available,76,20,7,,,
c6c2a6e9-56fc-4a42-a809-a450769a0cc1,banking.army,available,76,20,7,,,
d43f8b50-7690-4ef5-9ace-51c6d9f2dca0,banking.art,premium,76,20,7,,,
7041e663-c11e-4546-8d9d-4b04f4275579,banking.associates,premium,76,20,7,,,
90846558-a6a1-4e06-bce6-83fcba7e46de,banking.at,sold,76,20,7,"cix.at - Internet services, Manfred Jambor ( https://nic.at/registrar/342 )",,
1cd95ea0-dd2c-4723-a2ad-b2e90028b864,banking.attorney,premium,76,20,7,,,
e266b8da-1ba1-4c8e-8ffc-288db7b2f8cf,banking.auction,available,76,20,7,,,
6edce1d9-fb0a-4c92-ac0c-0de8d8a8aa25,banking.audio,available,76,20,7,,,
77808c68-4848-48f1-9175-6d20f88397f8,banking.auto,available,76,20,7,,,
c164a5d2-2ee2-488a-a83a-66afff72d2e4,banking.autos,premium,76,20,7,,,
d107a960-aa4d-40d4-9e29-031365df058c,banking.baby,available,76,20,7,,,
95537cda-b925-4176-bcc2-6fe698aa8df0,banking.band,available,76,20,7,,,
33eb475c-d1b2-4649-9221-9aa743e49059,banking.bar,premium,76,20,7,,,
8dfea611-1781-4c3b-a920-0703578398c0,banking.bargains,available,76,20,7,,,
a27f58f8-ee12-4340-a9ba-beb761072ae2,banking.bayern,premium,76,20,7,,,
e4ac0ac8-2e4a-4aeb-9fa9-ace205f3d2ea,banking.beauty,premium,76,20,7,,,
7b447713-a00e-4a4b-aba5-068c2356e38d,banking.beer,available,76,20,7,,,
d4b774c3-5395-44d7-8400-2e8e8359790f,banking.berlin,available,76,20,7,,,
47ad6af2-328c-4201-8bef-d86262984064,banking.best,premium,76,20,7,,,
6c68c4dc-3bf2-4022-809f-fe927a67061b,banking.bet,expiring,76,20,7,"Sav.com, LLC",07/01/2025 17:17,07/01/2026 17:17
d1e20f26-4d2f-415d-a038-81e67a73635d,banking.bid,available,76,20,7,,,
e5d34464-3a22-4c64-b1ad-96705064b0c8,banking.bike,available,76,20,7,,,
88e60fe3-7ef7-405f-b596-6fe1b01d0348,banking.bingo,available,76,20,7,,,
361a7268-aee7-4ed5-b2a9-69a32c85f882,banking.bio,available,76,20,7,,,
76d1be14-2b7a-432f-806c-d0e838b3b97c,banking.biz,resell,76,20,7,Dynadot Inc,27/03/2002 22:31,26/03/2026 23:59
ad30c26d-4f99-4b3a-8db6-ee9868c3acc4,banking.blackfriday,available,76,20,7,,,
501b3a20-2344-4a84-a4fa-01be4812caf9,banking.blog,premium,76,20,7,,,
50d911e6-c005-4f2d-acd1-789a46b19978,banking.blue,expired,76,20,7,"NameCheap, Inc.",07/10/2024 19:08,07/10/2025 19:08
4cbf736d-5816-4b7d-9d1e-a76f0c3d1da6,banking.boats,premium,76,20,7,,,
e7b95fcd-338f-4699-a23d-fe338d207fd7,banking.bond,premium,76,20,7,,,
740c1c60-c2da-4c5a-a5be-c779f7f50e1a,banking.boo,premium,76,20,7,,,
a1b7e7f7-a13e-4925-b31f-433edbd898b7,banking.boston,premium,76,20,7,,,
99fee9a6-a7de-4819-91a2-17ca12ee0585,banking.bot,premium,76,20,7,,,
04ed7d5b-62a0-4222-afff-1a3f4454728d,banking.boutique,resell,76,20,7,"NameCheap, Inc.",19/08/2025 17:44,19/08/2026 17:44
ddf3b4eb-0eb9-4061-aa27-fa4f20293bfe,banking.build,premium,76,20,7,,,
bb018839-ccb7-4c61-af0e-15e9d3d571d3,banking.business,expiring,76,20,7,1API GmbH,09/12/2014 17:34,09/12/2025 17:34
bbd2252b-236d-4c9e-9c11-978940303c17,banking.buzz,premium,76,20,7,,,
e3a0735f-3091-4dd8-b8be-2001a8dc3c27,banking.cab,available,76,20,7,,,
2262f798-2a35-4984-94d9-653281617732,banking.cam,resell,76,20,7,"Spaceship, Inc.",10/11/2025 01:03,10/11/2026 23:59
5035752f-2eb6-42ee-b162-d957ade426f8,banking.camera,available,76,20,7,,,
34b70af4-7745-4ab5-99bf-2e66e13f8135,banking.camp,available,76,20,7,,,
e7e63596-5df7-4c4a-8744-99d48e91d61a,banking.capital,premium,76,20,7,,,
2073aa91-bfc1-41e5-8950-b731d92649af,banking.car,available,76,20,7,,,
660e8aa8-8f53-4a2e-83bd-68fbf303acd7,banking.care,premium,76,20,7,,,
34393441-660a-49b8-b5bf-26086ed7e456,banking.careers,premium,76,20,7,,,
6d68aa21-789e-427d-81e8-7f1066b987fe,banking.cars,available,76,20,7,,,
220e1930-b317-42bd-a65b-048d0c333efa,banking.casa,available,76,20,7,,,
713d44da-61f2-48ef-a35c-bbdb060ced7b,banking.cash,resell,76,20,7,"Sav.com, LLC",14/03/2022 19:42,14/03/2026 19:42
64796204-204d-4670-99c3-fa513558a199,banking.catering,available,76,20,7,,,
744d7f49-3302-45ec-8514-4e9e77f9eb40,banking.cc,resell,76,20,7,"GoDaddy.com, LLC",25/06/2011 09:02,25/06/2026 09:02
10792f25-b12a-4379-8c14-e489ff6f59b1,banking.ceo,premium,76,20,7,,,
03725b3d-1b5e-42e2-8b0b-4258914b726e,banking.cfd,premium,76,20,7,,,
4a4cc25e-db49-409b-94b0-a8d065be2e7c,banking.charity,available,76,20,7,,,
badf6c07-6ed1-427c-b622-412d936d552b,banking.christmas,available,76,20,7,,,
2c194c64-2cc4-4995-bb5d-9051e4718449,banking.church,available,76,20,7,,,
c0cfca7b-2c9d-47eb-8c4e-c4ab9150d300,banking.city,resell,76,20,7,"Sav.com, LLC - 32",02/11/2025 15:15,02/11/2026 15:15
3ade6603-b2b2-4cc1-abdf-4fe75828b4cf,banking.cleaning,available,76,20,7,,,
064f15a8-1802-4dd8-af06-aa34722e1a51,banking.click,premium,76,20,7,,,
26993bd6-944e-400f-99de-41440c9278e8,banking.clinic,available,76,20,7,,,
a70b33c9-5fc2-4fce-8ab2-25934c61e465,banking.clothing,available,76,20,7,,,
5bd0ab7b-54c2-4bd9-95ea-08a50bfdee23,banking.cloud,premium,76,20,7,,,
320e2f12-f28f-4bc7-bdcd-ba7bc8fb6d87,banking.club,premium,76,20,7,,,
c31a0189-9486-45b4-b732-c084afa79823,banking.co,resell,76,20,7,"GoDaddy.com, LLC",24/02/2010 23:04,23/02/2026 23:59
9f302fdd-b9f6-46ea-af03-7c6e202ca867,banking.coffee,resell,76,20,7,"NameCheap, Inc.",04/06/2022 23:26,04/06/2026 23:26
9f0179c5-8dd0-433e-a449-0e8932e51fe9,banking.college,premium,76,20,7,,,
14732d6d-8926-48d5-b42e-09f7242f5b08,banking.community,premium,76,20,7,,,
c2955c06-2047-4120-a566-08342382e607,banking.company,expired,76,20,7,"Name.com, Inc.",15/10/2016 10:20,15/10/2025 10:20
2e53d098-28e9-4c1b-8653-0ff1ef68ec98,banking.computer,available,76,20,7,,,
bb55cd46-d2c3-413f-9f01-d30d02f59d69,banking.condos,available,76,20,7,,,
0e606e62-4456-46b9-a021-bdc44da2f66b,banking.construction,available,76,20,7,,,
1b65f48f-302a-4c66-8293-7448b8fef99d,banking.consulting,premium,76,20,7,,,
d81cb56e-f45d-4ae1-bf06-30fcb261350e,banking.contact,available,76,20,7,,,
ba5af02d-2f49-4207-bd66-ceac7f771c90,banking.contractors,premium,76,20,7,,,
384fab22-fe84-4050-9627-c13e15f106f6,banking.cooking,available,76,20,7,,,
793c3fdb-8531-40b9-9a2e-5794ae95db02,banking.cool,resell,76,20,7,Epik LLC,13/08/2015 22:27,13/08/2026 22:27
46220147-5518-4fe5-b596-97bab5c38ae8,banking.country,available,76,20,7,,,
17103959-273d-4296-8f1e-59472bd2e41e,banking.coupons,premium,76,20,7,,,
fb606605-d8cb-4054-ba3a-c0cc8ac82281,banking.courses,premium,76,20,7,,,
8325380c-90ce-494a-94dd-6de0f6803cb9,banking.credit,premium,76,20,7,,,
69a29355-d3cd-4601-bc26-c421575a6603,banking.creditcard,available,76,20,7,,,
e8d2195a-1610-4dad-92e1-b11428b605a3,banking.cricket,available,76,20,7,,,
c1e381a9-2c30-4ef2-ae47-3d82b0379a88,banking.cruises,available,76,20,7,,,
6c808ec8-a6a4-4a58-8cc1-328a1f769676,banking.cv,premium,76,20,7,,,
a2fd7c62-e422-405a-981f-e3224b2bc437,banking.cyou,premium,76,20,7,,,
e1d245f3-018b-40c1-8d30-6d2dc8f4cca3,banking.dad,premium,76,20,7,,,
dae4ca63-929c-4797-98fe-add0eb8fe82c,banking.dance,available,76,20,7,,,
675758df-2291-474f-81a8-c71b249a7395,banking.date,available,76,20,7,,,
0157b1b8-57e5-43b1-91f7-0d46106815d2,banking.dating,available,76,20,7,,,
8efb94d2-f294-40ef-9fb2-8ab242235ed5,banking.day,premium,76,20,7,,,
2d7ebcdf-0a61-4862-aa01-cf5e32df7290,banking.deal,premium,76,20,7,,,
86bf2899-c082-4c37-8b93-fbc49cb29531,banking.dealer,premium,76,20,7,,,
a1b0d792-451c-4135-9909-6e40981a9726,banking.deals,resell,76,20,7,Dynadot Inc,05/02/2025 22:31,05/02/2026 22:31
e667e738-3d6f-4889-83e4-238e1af1239a,banking.degree,available,76,20,7,,,
1f30b3a2-2f31-47a3-a63a-4af163eb70a2,banking.delivery,available,76,20,7,,,
80feee25-ca2d-4979-a84b-3a56d5574b1a,banking.democrat,available,76,20,7,,,
f42b9d88-100a-4e31-a188-f32eb8056707,banking.dental,available,76,20,7,,,
5b99d683-5def-4a19-9fa7-99e665896a8c,banking.dentist,available,76,20,7,,,
9c5b6bc8-25f6-4df0-831a-7731adf52e27,banking.diamonds,available,76,20,7,,,
58d39d09-1176-4a78-905f-11d037b1df48,banking.diet,available,76,20,7,,,
395be22c-8aae-4b41-80ff-75c38a422f0a,banking.discount,available,76,20,7,,,
17cc68ad-df65-4907-abdc-27830bed1cbd,banking.diy,premium,76,20,7,,,
2dca83aa-8262-4dc1-9551-b06445a78779,banking.doctor,resell,76,20,7,"Go Australia Domains, LLC",02/11/2016 16:00,02/11/2026 16:00
715acaa3-5db2-484f-b1ea-260afe063d8e,banking.dog,available,76,20,7,,,
3dcddbbf-ee7b-4bac-8daa-a3cc05821ba6,banking.domains,available,76,20,7,,,
411b0667-58e5-4ec0-96a8-f041360c4d40,banking.download,resell,76,20,7,Key-Systems LLC,23/01/2018 05:01,23/01/2027 05:01
e8c8b575-e796-4586-b75d-83a72410d181,banking.email,expiring,76,20,7,"Spaceship, Inc.",02/01/2025 08:13,02/01/2026 08:13
2e50f8ed-c98a-4e52-968a-3b9bd403b294,banking.energy,resell,76,20,7,"GoDaddy.com, LLC",14/11/2022 17:22,14/11/2026 17:22
5babe31a-859b-48ee-aac6-b30d413db342,banking.engineer,premium,76,20,7,,,
0f80113a-239e-4756-b581-e54707212cb4,banking.engineering,available,76,20,7,,,
9561b022-9902-4301-849d-739371e62ae1,banking.enterprises,available,76,20,7,,,
b5c55b74-fca8-44ef-ac61-f238d25a0996,banking.equipment,available,76,20,7,,,
7530868e-9a41-4c1d-a50f-83255ed90745,banking.esq,premium,76,20,7,,,
c62252d0-f669-43f1-a1bd-418a869de8b1,banking.estate,available,76,20,7,,,
939a1a6e-6e78-4019-a0a4-a397dfaaecbc,banking.eu,resell,76,20,7,Name: TLD Registrar Solutions Ltd,,
405d99cb-5377-4114-9bf9-c1cb828ab9f8,banking.events,premium,76,20,7,,,
7c9d96d4-6558-482e-890f-6051f92bfc09,banking.exchange,expiring,76,20,7,Dynadot Inc,02/01/2020 23:46,02/01/2026 23:46
15f823d6-e1b8-40aa-a97f-8eec0f5269f5,banking.expert,expired,76,20,7,"Name.com, Inc.",10/10/2024 16:02,10/10/2025 16:02
b5eb72b1-5817-480d-8ada-6136e110aa18,banking.exposed,premium,76,20,7,,,
d09a8b29-9866-42bd-8e75-62ce859b2a62,banking.express,expired,76,20,7,"Sav.com, LLC",28/09/2024 04:12,28/09/2025 04:12
920740ce-9b8a-4041-8c71-464a0761637e,banking.fail,available,76,20,7,,,
f4ccb273-63c0-4817-a97e-de0050157f79,banking.faith,premium,76,20,7,,,
ab135a14-8fa7-4d2c-8454-d67296b6f121,banking.fan,premium,76,20,7,,,
ffb67f9e-84c6-4995-ab28-d616c0b9311d,banking.fans,premium,76,20,7,,,
8e2ef790-82f6-40be-87ac-145c3002cec3,banking.farm,available,76,20,7,,,
990a1bd0-c435-44ba-aca0-222ec42cc4fa,banking.fashion,available,76,20,7,,,
9e99787b-d351-43e7-8bf4-13a19b4ad425,banking.film,available,76,20,7,,,
0368341c-ca83-4f81-824a-fdac6bed399e,banking.fish,available,76,20,7,,,
a74cea0c-5ca0-4bb3-8be6-427c128d573b,banking.fishing,available,76,20,7,,,
d514d46d-c8b8-450b-9e57-586156af3fac,banking.fit,expiring,76,20,7,"Spaceship, Inc.",20/12/2024 01:11,20/12/2025 01:11
f926cfac-30ab-4948-9db0-0fa3694a6b55,banking.fitness,available,76,20,7,,,
09d5289b-0737-4395-8ef2-454e6868800e,banking.flights,available,76,20,7,,,
d6082077-4ce0-4799-a2b8-f04f820a9f5f,banking.florist,available,76,20,7,,,
88cf87b0-f16c-481e-8c8a-23ed47a12e28,banking.flowers,available,76,20,7,,,
6030ae25-2350-49dd-a238-0e287a588b27,banking.fm,available,76,20,7,,,
fdc6f6ed-46ab-448f-9507-f108acc3c38b,banking.foo,premium,76,20,7,,,
f4c4ca43-8f2e-4c16-884b-07f65197e38a,banking.food,premium,76,20,7,,,
a23c75b9-7937-44ec-9d33-70b477b7210e,banking.football,available,76,20,7,,,
72466bdd-2bdd-4649-bd90-b7891b0d7fc9,banking.forsale,premium,76,20,7,,,
1c292194-6ab3-4d26-851c-fe4578149f91,banking.forum,premium,76,20,7,,,
616fc517-378b-4a1e-a73e-1d64e1494992,banking.foundation,premium,76,20,7,,,
05f930bf-22ae-4457-8838-0339702a5595,banking.free,premium,76,20,7,,,
82805fe7-632e-4ab5-899a-e71c5476651e,banking.fun,premium,76,20,7,,,
2427410a-a62d-455e-b8ea-2d218213d5b7,banking.fund,premium,76,20,7,,,
3f5fc933-1832-421d-a301-59f19703b6b8,banking.furniture,available,76,20,7,,,
7a2cfc4c-7e3d-4c07-b9f2-2f454b37cb9c,banking.futbol,available,76,20,7,,,
15d1d1bf-aa88-448a-8747-1f9f9dde9752,banking.gallery,available,76,20,7,,,
a980cd8b-6f51-4c26-8944-3496245ede5b,banking.game,premium,76,20,7,,,
72a655ce-8760-4ab6-a645-0c0bd65a9bf9,banking.games,resell,76,20,7,"Sav.com, LLC",27/02/2017 12:12,27/02/2026 12:12
59120e19-01d5-40be-9492-bd6f49a76de1,banking.garden,premium,76,20,7,,,
c5396607-ab45-4793-a2c0-55d7d973b643,banking.gay,premium,76,20,7,,,
629d6b92-dbc9-4d74-876c-0bfbb55ebec5,banking.gg,resell,76,20,7,1API (http://www.1api.net),,
9ae12e18-6683-41ec-bf2a-f921ac8f6405,banking.gift,available,76,20,7,,,
0210b78a-0f44-420f-be92-bc41d03e2dcc,banking.gifts,available,76,20,7,,,
d5ad641e-0b67-41fa-8d2e-e6d6811d5660,banking.gives,available,76,20,7,,,
c24b83ea-27df-47fe-82eb-8b4cb4946436,banking.giving,available,76,20,7,,,
41610903-e7a3-4fe0-9968-30138fbcbdda,banking.glass,available,76,20,7,,,
c720edcc-657a-4b1e-8f18-d31659566c49,banking.gmbh,available,76,20,7,,,
af71e043-dd3f-4f41-b107-3d90ae0e5a7b,banking.gold,resell,76,20,7,"DNSPod, Inc.",18/03/2018 23:20,18/03/2026 23:20
d0cdca99-d155-415f-88c4-b087e33b990b,banking.golf,available,76,20,7,,,
c1fe2932-9188-4a85-8bfa-8b3a7e243d3d,banking.graphics,available,76,20,7,,,
6c377dce-42f8-4210-8064-a4e554eb395d,banking.gratis,available,76,20,7,,,
f3f97984-9577-43d1-8148-c5bc3db32b4a,banking.gripe,available,76,20,7,,,
8f478266-91e6-44ed-9d7b-e42a7ca3b03e,banking.guitars,available,76,20,7,,,
4b8a594c-0268-49a9-bd2d-96d997c66928,banking.guru,premium,76,20,7,,,
800b3c25-3122-47ab-a899-6fb4f33c6d48,banking.hair,premium,76,20,7,,,
702950a8-2dcf-4aaa-9049-3e3dc0a8c77f,banking.haus,available,76,20,7,,,
5202fbcd-121f-4666-acc9-8fed61218201,banking.healthcare,available,76,20,7,,,
cf65aef2-5e78-4f23-b20d-300018764726,banking.hiphop,available,76,20,7,,,
3374af35-e586-4f85-9b73-a064b6f60210,banking.hiv,premium,76,20,7,,,
f9b31799-909b-430e-82d8-2dfb2107b943,banking.hockey,available,76,20,7,,,
ac477064-26fb-4ce8-a94d-ad6d0ec9a351,banking.holdings,premium,76,20,7,,,
dee6020c-0cf7-47b7-b71e-9d21683230fb,banking.holiday,available,76,20,7,,,
654cca82-ef07-4ec4-952e-252e815bb1a7,banking.homes,premium,76,20,7,,,
6a798f74-da81-4ad3-83cd-b5b70a799b19,banking.horse,available,76,20,7,,,
15d05036-1014-4886-be66-722a802b8fe6,banking.hospital,available,76,20,7,,,
d564abe1-d6b0-4498-bad8-ea9164a7afa5,banking.host,premium,76,20,7,,,
40882586-b83a-4883-b48a-35e0bf71111f,banking.hosting,available,76,20,7,,,
af201401-4bb0-485e-8119-f35892078c34,banking.hot,premium,76,20,7,,,
c7c05381-1568-42d3-bc38-d5236b44e76f,banking.house,resell,76,20,7,Dynadot Inc,13/07/2021 14:26,13/07/2028 14:26
8d1c1ca8-5ee7-4b46-a054-5094321abb2f,banking.how,premium,76,20,7,,,
3f266a05-456d-4c2d-9858-c44a43904c65,banking.icu,premium,76,20,7,,,
92859df4-f839-4d92-9e53-21e04ebdca8c,banking.im,premium,76,20,7,,,
c6d7dd07-d9a5-441f-8b15-3d4d431b714c,banking.inc,premium,76,20,7,,,
b04ef4da-4565-4054-90ae-47a6832fd9cf,banking.industries,premium,76,20,7,,,
90fb6a80-39a7-4fb2-915a-f2e158d2a498,banking.ink,resell,76,20,7,"Spaceship, Inc.",01/07/2025 13:57,01/07/2026 13:57
28006ffb-82bb-4158-a389-8da5c73be58d,banking.institute,premium,76,20,7,,,
6b3fdae6-545b-4aca-94e0-f8bf2057c992,banking.insure,available,76,20,7,,,
8e5a96af-af6f-42a5-a439-899d23d2e8ec,banking.international,premium,76,20,7,,,
71688626-b8e8-4e33-a481-0f45d9b76a49,banking.investments,premium,76,20,7,,,
013eb8cb-334a-4326-b6be-8851b987c5ac,banking.io,expiring,76,20,7,Key-Systems GmbH,23/12/2011 05:03,23/12/2025 05:03
55d698c5-af31-40d0-a8ad-d1357d4a6e57,banking.jewelry,available,76,20,7,,,
2d126c9b-b348-4bad-b1f0-0567b9d1466d,banking.juegos,available,76,20,7,,,
76440cb5-6b4f-4bbd-8721-d43edb7a16df,banking.kaufen,available,76,20,7,,,
b45570c3-4b48-4217-b50b-b4a174f9a065,banking.kids,premium,76,20,7,,,
30c2ecde-93ab-4adb-852a-313b90908292,banking.kim,premium,76,20,7,,,
6b290d25-c64f-489d-b693-dccb472b4931,banking.kitchen,available,76,20,7,,,
1b802b9b-fae4-4478-b707-5bc92ac4fec3,banking.la,resell,76,20,7,LA Domain Names,05/06/2023 08:46,05/06/2026 23:59
94587599-a614-415a-8b65-7e90e99fb50e,banking.lawyer,premium,76,20,7,,,
5512efa7-0eb0-49b3-ba86-2db54fc50111,banking.lease,available,76,20,7,,,
fb33b9be-62cf-4f5c-9856-5ae37322cadc,banking.life,resell,76,20,7,"GoDaddy.com, LLC",30/09/2014 13:20,30/09/2026 13:20
639777ab-8637-470f-bd3d-1c64108608fe,banking.lifestyle,premium,76,20,7,,,
461abb8f-8ec8-47c9-8c1b-ff5307738c37,banking.lighting,available,76,20,7,,,
a86193e6-b371-4907-95c0-a4cbf4f4e4fe,banking.limited,available,76,20,7,,,
873d72a7-d73b-4265-a235-5aa1f03979f4,banking.limo,available,76,20,7,,,
8a237ff0-21e0-48a4-b829-67d858bc4c85,banking.link,premium,76,20,7,,,
e53b0920-f4af-4d2b-a2f0-af63e5054783,banking.living,premium,76,20,7,,,
1f1c6133-74a2-4b3f-aab7-ad5c92f5934d,banking.llc,premium,76,20,7,,,
13f93395-695e-47e2-8cc4-5fb5a23a7f5f,banking.loan,premium,76,20,7,,,
53e41028-9907-44b2-b871-a572690ae97c,banking.loans,premium,76,20,7,,,
75e79b0e-bcc6-4fd6-90f3-8b095438e949,banking.locker,premium,76,20,7,,,
e68ecdd3-e672-4728-bb74-edb7ff32a366,banking.lol,premium,76,20,7,,,
17145bde-a358-4182-a527-04691debb08f,banking.london,premium,76,20,7,,,
d0f8fc94-70b2-443a-b1b5-69e071ffaabf,banking.love,resell,76,20,7,"Dynadot, LLC",09/03/2025 21:00,09/03/2026 21:00
3a14aaae-4a41-428a-ae4d-28a9c59e0d53,banking.ltd,resell,76,20,7,Alibaba Cloud Computing Ltd. d/b/a HiChina (www.net.cn),21/06/2016 11:07,21/06/2026 11:07
cca94c43-4585-4fda-bd24-9a0a0490b456,banking.ltda,available,76,20,7,,,
ca8f0116-29b4-479f-9314-ba38a7a93b08,banking.luxe,available,76,20,7,,,
5e31b0bd-0d31-4688-a0a1-9395ed40de55,banking.luxury,available,76,20,7,,,
ebb79705-b468-4462-b979-b4d9cb980100,banking.maison,available,76,20,7,,,
ad47f1e3-b0ca-408e-b13b-fbcf5b93a43a,banking.makeup,premium,76,20,7,,,
56c83c13-8fad-46e1-b185-86311f7f1f14,banking.management,premium,76,20,7,,,
4a3defbf-7b72-4795-b604-847827ffae24,banking.market,premium,76,20,7,,,
18b3a433-6a1c-424c-a91d-d50712827bbf,banking.me,resell,76,20,7,"Nicnames, Inc.",29/04/2008 17:59,29/04/2026 17:59
e48ddfbc-9940-4211-9ef2-1730a1347eff,banking.media,resell,76,20,7,"Sav.com, LLC - 17",30/01/2025 15:15,30/01/2026 15:15
0213844e-e8e4-434b-bf59-41caa07a16e2,banking.melbourne,premium,76,20,7,,,
f43ec913-7e91-487b-ab6d-f43996631e9e,banking.meme,premium,76,20,7,,,
59a1fa07-8356-4f99-a117-9631aa67e9cf,banking.memorial,available,76,20,7,,,
7e9d7a93-c53d-431a-a214-a452b88cdb26,banking.men,available,76,20,7,,,
b478d709-8594-4b0d-bd03-db3166dcf700,banking.menu,available,76,20,7,,,
b5405cc0-5828-4a87-9475-67f1c6cd7064,banking.miami,premium,76,20,7,,,
0616c2d6-bf05-4fd9-806a-c3eaa38ead98,banking.moda,available,76,20,7,,,
eb6b2ebe-24ef-4049-a19a-698e07993cb7,banking.moe,premium,76,20,7,,,
e3f0d080-fc7f-4599-a3ef-19f7c694b761,banking.mom,premium,76,20,7,,,
0140af4b-4e69-40de-8ea1-a928ecac18c6,banking.money,premium,76,20,7,,,
d4d1e5c6-bea1-4623-82a2-3aee0e09150f,banking.mortgage,premium,76,20,7,,,
ad562f22-9ad2-47b8-9de2-00dd178b6bd4,banking.motorcycles,premium,76,20,7,,,
5eab95ea-d207-4ee9-a29a-429cf7d18fc3,banking.mov,premium,76,20,7,,,
7696b3ea-62b2-4243-ae69-80b850408aa9,banking.movie,available,76,20,7,,,
e4cc8b7e-ead8-4042-938e-0f24c292255c,banking.navy,available,76,20,7,,,
2ccd9625-0d17-4f96-8e8b-d55d60011df4,banking.news,premium,76,20,7,,,
c632f69a-4394-48a3-9e62-861677f92089,banking.nexus,premium,76,20,7,,,
8d081a24-d462-4508-9b61-e51a060a0229,banking.ngo,available,76,20,7,,,
ff17a0ea-5eb7-44f6-aad4-93743b2f9c4e,banking.ninja,premium,76,20,7,,,
870dc2f4-d191-4d0c-8e14-e4accbf800f5,banking.observer,premium,76,20,7,,,
a7440b94-961d-4e64-b48d-0b35c5687349,banking.ong,available,76,20,7,,,
9fca3768-c76b-4e6d-bc7e-914b0199b05e,banking.onl,premium,76,20,7,,,
cb5ae12c-0e9f-4483-b33e-5aee5044c321,banking.online,premium,76,20,7,,,
cac3f8a3-c9f8-451e-8a53-c98744b27c6e,banking.ooo,available,76,20,7,,,
fadafd37-bccb-4db7-a39f-41f1d8d42503,banking.org,resell,76,20,7,"GoDaddy.com, LLC",05/09/1995 04:00,04/09/2026 04:00
a2c2d35f-f344-4e85-ab36-fc699994918a,banking.organic,available,76,20,7,,,
a11eab07-db70-4110-b26f-52e116d46324,banking.osaka,premium,76,20,7,,,
5d358e1e-f315-4b3d-a613-2a8759bb6709,banking.page,premium,76,20,7,,,
22199db5-c8de-45e2-be82-141fc1eb50e7,banking.parts,available,76,20,7,,,
d4d87a10-28ad-49dc-a8f9-900f86b9765a,banking.party,premium,76,20,7,,,
4cef98fb-3518-4f71-ba4d-0a81fb46e96f,banking.pet,available,76,20,7,,,
c19bf62e-52e4-47e5-821c-02591c4678f7,banking.phd,premium,76,20,7,,,
87ce2c7e-063e-4445-ab15-d2c23a8a5461,banking.photo,premium,76,20,7,,,
36a93a9a-8022-413c-8afb-949f9a763042,banking.photography,available,76,20,7,,,
8202f31c-43f7-4455-89a8-0643a9af561d,banking.photos,available,76,20,7,,,
2f76fb2e-87b2-4f2a-8149-cdf1fda43698,banking.pics,resell,76,20,7,Dynadot LLC,29/06/2025 11:23,29/06/2026 23:59
37c6d372-0de5-48b5-908d-6b8b49e89023,banking.pictures,available,76,20,7,,,
6bd7438d-3e61-4ba4-bb6f-8e6279b9b075,banking.pink,premium,76,20,7,,,
0444bd0d-848a-4485-bf2f-26d5f47626be,banking.pizza,available,76,20,7,,,
d3a188cb-6280-4623-9dff-c3d1b7c39de5,banking.place,available,76,20,7,,,
4f5cf7a6-ee6c-44a7-9a2c-a8d6307e1a05,banking.plumbing,available,76,20,7,,,
1763ec5b-0cb5-4f86-8715-ecadc9608b54,banking.plus,resell,76,20,7,"DNSPod, Inc.",02/10/2018 06:41,02/10/2026 06:41
376e3ba4-73b5-447c-b95b-ec134df443f4,banking.poker,premium,76,20,7,,,
b98db73b-7716-4ae3-a4e3-f1f9726fd4c4,banking.porn,available,76,20,7,,,
ed7e1416-90ae-4f0e-9de2-25eac19dbdc9,banking.press,premium,76,20,7,,,
4346bf6b-dafd-48f7-a892-69db9c829059,banking.productions,available,76,20,7,,,
b526457f-5a99-4976-8ee2-9e25873e9e49,banking.prof,premium,76,20,7,,,
a9cf720f-114a-4b87-b7ed-dc2d64b4e49a,banking.promo,premium,76,20,7,,,
e01b69b8-6744-4dc0-ac67-b1b1d07e7f16,banking.properties,premium,76,20,7,,,
9162a626-7d59-4d2e-88ea-02eae9f5f038,banking.property,premium,76,20,7,,,
0ad10aa6-3b9e-44fc-948b-1ad71a1b74bd,banking.protection,available,76,20,7,,,
8d919b13-c94c-49ca-8e83-f78a3e36e1ba,banking.pub,available,76,20,7,,,
ff6fd8a9-9f5c-47e6-89ee-eafc5a134965,banking.pw,premium,76,20,7,,,
f32c4842-f12c-450e-bd5a-13ff15ba168b,banking.qpon,available,76,20,7,,,
d89b713c-14c3-48ec-8191-058ab18dd08c,banking.quest,premium,76,20,7,,,
99030224-6521-4d13-bd45-7404447013ef,banking.racing,available,76,20,7,,,
7565a51b-c32f-4833-8b21-5898f022bb59,banking.realty,available,76,20,7,,,
60ce6f94-b352-4dc9-9630-33ff52576420,banking.recipes,available,76,20,7,,,
23c391bf-1fc0-4162-875a-4124e43c9084,banking.rehab,available,76,20,7,,,
6f74de1e-31a9-4d94-a9f1-1b2cc3b90b2d,banking.reise,available,76,20,7,,,
734416a0-2686-42ab-b2ec-7428573e39d0,banking.reisen,available,76,20,7,,,
a845558b-1dc8-4db7-9e08-55c4441fd040,banking.rent,available,76,20,7,,,
98050cb7-42ca-4b16-88bf-7df2fd991208,banking.rentals,available,76,20,7,,,
27799148-c1a4-4f71-91dc-bee47d78a6c6,banking.repair,available,76,20,7,,,
5a6b1e94-f3d1-47db-b58e-a340f38caffe,banking.republican,available,76,20,7,,,
f82488d6-dcc0-43b7-9eec-a76f5cbf09c3,banking.rest,available,76,20,7,,,
05a3ae86-5287-458d-8aa4-fe7304d7ed16,banking.restaurant,available,76,20,7,,,
09dd421b-0455-44f0-981c-d5846559e476,banking.review,premium,76,20,7,,,
8303e59f-48bf-45b1-b94c-86e795a34278,banking.reviews,premium,76,20,7,,,
4919fdc9-056f-4235-ae45-12e6ea19d4c3,banking.rich,available,76,20,7,,,
bbdfb4b1-9a76-4bca-bf9b-d826dcb8c6f5,banking.rocks,premium,76,20,7,,,
b6667039-a1f6-4bb2-859a-1008e1327912,banking.rodeo,available,76,20,7,,,
8a34004e-5d64-425c-9fb1-74e1a1ee49f5,banking.rsvp,premium,76,20,7,,,
49bac8e3-2d62-4780-8b7e-3c60d443cbd9,banking.sale,premium,76,20,7,,,
a46798a2-019a-419d-95b3-b2c0aed94576,banking.salon,available,76,20,7,,,
1cef01ea-af76-4041-aa89-7560b601ed8f,banking.sarl,available,76,20,7,,,
53ff984f-bd0f-43a6-8c2c-164db224a1fd,banking.sbs,premium,76,20,7,,,
73388dad-d0ac-4a4a-b63c-0098cbb66cbd,banking.school,available,76,20,7,,,
c08f3033-2c41-44c1-85c4-591e324cb456,banking.schule,available,76,20,7,,,
94231877-7c13-4168-be3c-8aba79e4cb09,banking.science,available,76,20,7,,,
19601869-0944-499a-92c3-dadc9231a332,banking.security,available,76,20,7,,,
9dce58af-1078-48e9-9958-c6ab66b4512b,banking.sexy,available,76,20,7,,,
18813e7c-02dc-4ce6-9750-9106cf021ce5,banking.sh,resell,76,20,7,"Sav.com, LLC",25/11/2025 21:45,25/11/2026 21:45
5f599120-3457-416c-ac17-38a2a156845e,banking.shiksha,premium,76,20,7,,,
2a23d5fd-2b16-444e-80a7-de9926987ac4,banking.shoes,available,76,20,7,,,
8a178043-fdb2-4584-b35a-7f789332ff7f,banking.shopping,available,76,20,7,,,
497f5068-8bf2-4191-b692-1f9349d50d89,banking.show,available,76,20,7,,,
fc86ebef-5e32-4253-a47d-64ea7362b783,banking.singles,available,76,20,7,,,
b7cf25b0-6d3b-47e7-bded-2d70f93dfe6b,banking.site,premium,76,20,7,,,
a641e333-53f1-499c-bcdb-634187e5186c,banking.ski,premium,76,20,7,,,
06896dd7-8ca4-45c8-95fc-5e52f7e9de52,banking.skin,premium,76,20,7,,,
ab8e6a78-55df-4ebd-84cc-ef1981011f43,banking.soccer,available,76,20,7,,,
a1a80666-9d63-46f7-a473-e73dfe144992,banking.software,premium,76,20,7,,,
9480f587-fbdb-4c45-9196-91ea1ac8c8de,banking.solar,available,76,20,7,,,
7e730282-f3e2-487d-bd0f-03281809a5f8,banking.soy,premium,76,20,7,,,
4063b945-2542-4f2a-9a98-638a3d5493bf,banking.space,premium,76,20,7,,,
d3733714-10e1-41df-87d8-1ed5e8ebdd8c,banking.spot,premium,76,20,7,,,
9937b454-98f3-4fde-bbc0-001c4327d5f4,banking.srl,available,76,20,7,,,
aaa3324a-1675-4fa1-bede-58ecb4938a51,banking.storage,available,76,20,7,,,
d4335dfb-5610-4847-93ad-dc4c9dcded00,banking.store,premium,76,20,7,,,
2c5a52c6-1635-426c-b2d4-83b5d0d010a5,banking.stream,premium,76,20,7,,,
0213d3d5-b013-4831-a7f7-f2873bbb0b1f,banking.studio,available,76,20,7,,,
4eb8adb1-5591-4ff1-8d34-f8d669daddb7,banking.study,premium,76,20,7,,,
2d76e6a7-6352-40f6-8537-f5e45d540511,banking.style,available,76,20,7,,,
f625fdad-8408-4393-916d-9920c1fa9d12,banking.sucks,premium,76,20,7,,,
4e8ae104-cf52-40b6-898e-8e1e958966cc,banking.supplies,available,76,20,7,,,
3b43577c-e807-4981-8dfe-e51d49c43025,banking.supply,available,76,20,7,,,
dc20b90a-0024-4ba8-a6dd-ebfef6b0e889,banking.support,expiring,76,20,7,Automattic Inc.,27/12/2024 05:16,27/12/2025 05:16
cbb756ac-4ed3-47e7-a912-90f42326a9f5,banking.surf,available,76,20,7,,,
a69796da-f517-4c8d-ae7d-006e413c9627,banking.surgery,available,76,20,7,,,
fba61a1b-81a8-4cde-aa13-db4775fe7193,banking.sydney,premium,76,20,7,,,
5a0108ae-9940-448d-a6b6-69537fda4471,banking.talk,premium,76,20,7,,,
c9de549e-ba3e-4f17-9093-52f3960834d3,banking.tattoo,available,76,20,7,,,
1a2a77ff-66a5-4ddb-a698-9e63890347f4,banking.tax,available,76,20,7,,,
9d39cfa2-154c-477f-ad21-9c8f16e5804b,banking.taxi,available,76,20,7,,,
64f805cf-b325-4738-9715-8e25ad2da454,banking.team,resell,76,20,7,"Chengdu West Dimension Digital Technology Co., Ltd.",16/10/2017 17:48,16/10/2026 17:48
4b66d6b1-c65c-434e-bbca-31459ed348f2,banking.tech,sold,76,20,7,NAME DOT STORE INC,02/04/2019 14:11,02/04/2029 23:59
a3d6f0b3-9bad-40fb-bf2d-9f4e8ebb6add,banking.technology,premium,76,20,7,,,
251cf28f-6139-4552-bbae-2f0d706cffa3,banking.tennis,available,76,20,7,,,
e784dfbb-6711-49b1-ae12-8a7977db4945,banking.theater,available,76,20,7,,,
f153d98f-7532-47ea-907a-32dda7d7df72,banking.theatre,available,76,20,7,,,
f8c5f218-4d85-448a-8cf9-f1d9714daefb,banking.tickets,available,76,20,7,,,
02c26b81-02ef-4823-9ca4-e3aebe1e139e,banking.tienda,available,76,20,7,,,
b7bcb20f-7f2f-4743-bcae-94d5cb31d2fd,banking.tires,available,76,20,7,,,
9fd936cd-ed90-49a1-a118-8d1cf58f9b50,banking.tours,available,76,20,7,,,
dd3e80b3-e5f6-4ddd-9093-3491eba51728,banking.town,available,76,20,7,,,
88ddfbc3-6bae-4512-aabf-081e55297c0f,banking.toys,available,76,20,7,,,
ae815b08-a269-46d4-92d2-ea26515b1b2a,banking.training,premium,76,20,7,,,
109f1d41-6d8f-496f-9651-f59c59dd3c42,banking.travel,available,76,20,7,,,
4027bdd6-545b-4d62-b7ae-7131748ac483,banking.tube,premium,76,20,7,,,
52deb166-5d6a-44f1-8704-2ede2c2b07e6,banking.tv,premium,76,20,7,,,
1c6e5b9f-5572-4f9e-9abe-99aaab4406ab,banking.uno,premium,76,20,7,,,
cce5b991-d20d-4eb6-af48-04af94321800,banking.vacations,available,76,20,7,,,
7d2e82a5-0040-4ef0-b843-63905e7350e5,banking.vana,available,76,20,7,,,
640995ea-7bfe-4f6c-bcee-e36ad2b80062,banking.vegas,premium,76,20,7,,,
f6eef8fa-0f89-4b7c-bc9d-8423cba1c661,banking.ventures,available,76,20,7,,,
977e89ba-6934-4af9-b71b-a10c7185f1f5,banking.vet,premium,76,20,7,,,
d15a12f6-3154-4d81-addb-e7bb87fe65a8,banking.viajes,available,76,20,7,,,
c90f3547-e5f4-4934-9981-aa41a60dcf34,banking.video,premium,76,20,7,,,
2d241f40-11c0-4445-ba26-c98215137060,banking.villas,available,76,20,7,,,
87ab03a1-44b8-4f04-b63c-cc1e3f301342,banking.vin,available,76,20,7,,,
9d802bfa-dd2f-4945-9016-7c1fe60143b1,banking.vodka,available,76,20,7,,,
483a9ceb-7ba7-4bf1-9dd2-30597a795080,banking.vote,available,76,20,7,,,
c51423c3-7e02-4229-aa59-ef1350725791,banking.voting,available,76,20,7,,,
18f4d2c6-ed64-4c1d-9ea7-0772215100a9,banking.voto,available,76,20,7,,,
251867f2-749a-420d-8ee3-c18ce8375469,banking.voyage,available,76,20,7,,,
bcaca703-34dc-4f8a-8076-dbb36f63603e,banking.watch,available,76,20,7,,,
6b3d5878-8c7c-40a1-a04a-94f64f0a77f0,banking.webcam,premium,76,20,7,,,
d33d4c58-b249-4c23-97f3-22a49909ee07,banking.website,premium,76,20,7,,,
9f772b65-ca98-4d84-8707-505a25b4eb27,banking.wedding,available,76,20,7,,,
c6f43daa-2d60-47e8-ad97-1f97a347d3e3,banking.wiki,premium,76,20,7,,,
3faeff79-50f7-460b-802b-d7d7d582d696,banking.win,premium,76,20,7,,,
30594f53-0016-4f25-a89c-280e6531ad22,banking.wine,available,76,20,7,,,
bbd0f2f0-0949-435b-a05a-66e5c6f5ba23,banking.work,premium,76,20,7,,,
a92bbf32-b387-4782-9a56-1daa1dfa0b3d,banking.wtf,resell,76,20,7,"Sav.com, LLC - 27",29/07/2025 15:15,29/07/2026 15:15
62219a99-72f2-4586-a191-50bc5c7184b2,banking.xyz,resell,76,20,7,"Spaceship, Inc.",06/05/2021 18:24,06/05/2026 23:59
d18ceb39-50d9-4c08-8d57-b6ebc4454929,banking.yachts,premium,76,20,7,,,
8e506993-a91e-467c-9757-4be13a680435,banking.yoga,available,76,20,7,,,
6bfa6c6a-2ed6-4fb9-80e9-09ead823fe93,banking.you,resell,76,20,7,Porkbun LLC,10/11/2025 22:51,10/11/2026 22:51
59655e0f-514a-4345-a220-a9d386634a0c,banking.zip,premium,76,20,7,,,
c12afab5-7aad-4370-ad0a-55326b45014f,deposit.ac,available,90,12,7,,,
fd75efa1-4180-4cb3-adff-8c36cf86f37f,deposit.academy,available,90,12,7,,,
f2393775-e944-454a-978e-92425972bc01,deposit.accountant,premium,90,12,7,,,
ce7f7770-8237-44ca-a7f9-c4e58830d060,deposit.accountants,available,90,12,7,,,
1e566e57-83c0-40ef-895f-d623da69d902,deposit.actor,available,90,12,7,,,
36e2ce3f-6767-42b0-a1fa-b3a2bb27cd0d,deposit.adult,available,90,12,7,,,
160cbd8b-ed78-4b41-97ca-41e9016e97fc,deposit.ai,resell,90,12,7,"NameSilo, LLC",15/12/2017 23:33,09/04/2027 23:33
5d61579b-3fdd-4998-969a-f4bf38f768e2,deposit.airforce,available,90,12,7,,,
c25f820d-fca2-4f8b-ac23-d487ef67bb01,deposit.apartments,available,90,12,7,,,
53943df0-684f-413a-a44c-b16d8e9771ea,deposit.app,expiring,90,12,7,Dynadot LLC.,09/12/2022 18:41,09/12/2025 18:41
8fbf4651-29df-4f6c-9012-1c9563686238,deposit.archi,available,90,12,7,,,
aca97f68-c876-4c6b-b05d-ceb82086382d,deposit.army,available,90,12,7,,,
18cc0cd3-991b-42a2-9802-dd0b2b66c4dc,deposit.art,premium,90,12,7,,,
a30d5c19-41fc-4545-9d08-a46152a78b10,deposit.asia,resell,90,12,7,"GoDaddy.com, LLC",10/04/2023 10:01,10/04/2026 10:01
71b46377-0fba-4627-986b-a37eb9ffdae6,deposit.associates,available,90,12,7,,,
ab46f15b-8b8a-49c6-919a-9d61b60df212,deposit.at,premium,90,12,7,,,
b7b62bbd-bc33-44f9-9cc7-882320343ad6,deposit.attorney,available,90,12,7,,,
c241540e-9439-440a-922f-dffffe6182fa,deposit.auction,available,90,12,7,,,
58394187-85e6-4664-a875-af51405fca70,deposit.audio,available,90,12,7,,,
fbe79ed6-6b34-4254-913b-33436bcf6d09,deposit.auto,available,90,12,7,,,
ea38e6b7-1d5b-4817-9ad9-ed66f22d83b7,deposit.autos,resell,90,12,7,"Go Daddy, LLC",18/11/2025 14:55,18/11/2026 23:59
4657e8e4-ad7e-4345-836c-e399bd2cc567,deposit.baby,available,90,12,7,,,
d53d2389-0cc1-434a-9d93-0f144f4bb746,deposit.band,available,90,12,7,,,
e7879d31-1bc0-4af4-b04b-85f91b78cf66,deposit.bar,premium,90,12,7,,,
750d8ef1-a114-47f5-a4a7-42af2ffaf3c9,deposit.bargains,available,90,12,7,,,
9ae132fc-b78f-4310-ad33-5e3f4238e6a3,deposit.bayern,available,90,12,7,,,
f80e597b-d6d1-41ac-8431-802514866225,deposit.beauty,available,90,12,7,,,
61fac050-a87f-4590-878b-47ef9b21d147,deposit.beer,premium,90,12,7,,,
9e7b0025-99e0-4ea9-9326-89d5348ce6ed,deposit.berlin,available,90,12,7,,,
e4c77fb3-f721-414e-ad74-8dbcacc62c76,deposit.best,premium,90,12,7,,,
e940d051-c9e2-4ae7-b7a1-1dbbd99fb312,deposit.bid,premium,90,12,7,,,
f5d37643-0b3c-4209-9a93-38b1855cec88,deposit.bike,available,90,12,7,,,
36268a29-0125-4d97-b297-48214027e0c8,deposit.bingo,available,90,12,7,,,
1cd94444-9f33-46c5-89c6-e66bceceb4c5,deposit.bio,resell,90,12,7,"Sav.com, LLC",07/02/2025 17:27,07/02/2026 17:27
e291b837-a5a1-4d08-8fc8-8ec337c57411,deposit.biz,resell,90,12,7,Dynadot Inc,27/03/2002 02:52,26/03/2026 23:59
d866c6d6-39af-4363-b3e4-b8b045cda6c2,deposit.black,available,90,12,7,,,
086bd67b-a65f-4682-84e0-69891a986b9c,deposit.blackfriday,available,90,12,7,,,
0a6441c2-19c6-458a-8c5c-1b945a12db4a,deposit.blue,available,90,12,7,,,
99a7a86c-18bd-48c4-b1e2-704e2e020110,deposit.boats,available,90,12,7,,,
9378621a-17cd-40a0-b851-2f7ef5a74e16,deposit.boo,premium,90,12,7,,,
097d5616-1581-493d-a773-0481dfb66d84,deposit.boston,premium,90,12,7,,,
fbb7d094-d23e-4372-a385-79c181ef01c3,deposit.bot,premium,90,12,7,,,
298bbcd0-2922-42fc-a72a-df415278d5c4,deposit.boutique,available,90,12,7,,,
a6301c1e-2fd9-48c9-8abf-76ad7a53c30d,deposit.build,premium,90,12,7,,,
27b5aa09-1f5c-467a-8c01-b954785937a8,deposit.builders,available,90,12,7,,,
0cba3d4c-de60-49d4-9545-2e73262a9fd8,deposit.business,available,90,12,7,,,
2cfe0075-e577-4ed2-979f-2d7548d51672,deposit.buzz,premium,90,12,7,,,
cd045d6e-2ba8-499c-a3f0-27e5cb1de548,deposit.bz,resell,90,12,7,Dynadot Inc,03/04/2025 18:45,03/04/2026 18:45
ad98b34c-ef26-4c0d-815f-af2d81cafbf0,deposit.cab,available,90,12,7,,,
cd1be0cc-8502-44e4-89fd-11134b5ed239,deposit.cafe,available,90,12,7,,,
fc0b76be-b045-4911-876f-e45d0bbc68e2,deposit.camera,available,90,12,7,,,
f74953cd-120b-497c-8b89-901b463532b1,deposit.camp,available,90,12,7,,,
abe98191-f706-4030-813c-bae2816f8677,deposit.capital,resell,90,12,7,Dynadot Inc,18/06/2025 09:49,18/06/2026 09:49
de0111b1-88ab-467c-9d57-6c2a76bc9966,deposit.car,available,90,12,7,,,
74de55a2-792d-4b06-98b5-287bd2405aa4,deposit.cards,sold,90,12,7,Dynadot Inc,16/11/2025 10:52,16/11/2026 10:52
323835b1-247d-47d6-a244-319a0b0c4582,deposit.care,available,90,12,7,,,
7a2404e2-b5d6-44e7-8250-9bf24c7d01c5,deposit.careers,available,90,12,7,,,
65702ae3-5d3b-44b7-a0ff-ab56483053c6,deposit.cars,available,90,12,7,,,
fbd06c9e-f669-488b-9a3a-e81723dfb8f1,deposit.casa,available,90,12,7,,,
71347271-8b55-4e55-8cfe-5130d78ce26f,deposit.catering,available,90,12,7,,,
937c9395-4f89-4c73-b3f4-704ac37a932b,deposit.center,available,90,12,7,,,
ff491ced-172b-4f1f-901e-ab428ec02993,deposit.ceo,available,90,12,7,,,
e7ce3273-4db4-452a-9f11-de5ac3f1a201,deposit.cfd,premium,90,12,7,,,
530df8d0-a24f-440a-8a40-c8071f885aca,deposit.charity,available,90,12,7,,,
e243b806-4dfa-4df6-9bcc-f3a6d19a74c6,deposit.chat,resell,90,12,7,Dynadot Inc,18/05/2025 19:38,18/05/2026 19:38
d5f40f0b-0d76-499b-b942-4ee1c52bf5ce,deposit.cheap,available,90,12,7,,,
befcf15c-7be5-43c9-82f6-f98c256235a8,deposit.christmas,available,90,12,7,,,
26f76f56-ca56-403b-b551-8f04a89b651b,deposit.city,available,90,12,7,,,
19f805a0-72c8-4632-9c3c-bfe75bcd5de6,deposit.claims,available,90,12,7,,,
4141bc93-522a-4026-bd3e-61415c7831d5,deposit.cleaning,available,90,12,7,,,
bd0c102d-8ca2-4cf3-8df9-f34b588be0b6,deposit.click,premium,90,12,7,,,
89b02a77-a39a-4c72-9c6a-bfa52fc0a57d,deposit.clinic,available,90,12,7,,,
abc32af6-d289-4170-8d9f-5dfa0da09352,deposit.clothing,available,90,12,7,,,
e020fee8-0231-4805-b446-5df4e295cd09,deposit.cloud,resell,90,12,7,"NameSilo, LLC",05/10/2018 00:06,05/10/2026 00:06
0c798293-4e0d-45ec-a238-1082c2537edf,deposit.club,premium,90,12,7,,,
59ce325b-6ffc-4176-a4cf-883280713175,deposit.co,resell,90,12,7,Hello Internet Corp.,24/02/2010 23:59,23/02/2026 23:59
0c66c093-bb72-4231-8fbe-04db9dcbee54,deposit.coach,available,90,12,7,,,
9c0a1642-c53f-4d08-89f8-ba6fad750d4f,deposit.codes,available,90,12,7,,,
a6a9fce1-8e5c-4bbf-b5b6-f1a3c02e6802,deposit.coffee,available,90,12,7,,,
c1dac29d-abb5-4674-bfc1-c4d91b7b547a,deposit.college,premium,90,12,7,,,
f2650444-5cd4-48d2-af69-d52325cf6bdf,deposit.community,available,90,12,7,,,
9a4eeb8b-07e1-4adc-9e42-5121c06a901a,deposit.company,premium,90,12,7,,,
e4f99a8d-2bae-4d5b-a304-ad4cab89c869,deposit.computer,premium,90,12,7,,,
778db1b8-588d-4144-8870-11d9979b6b22,deposit.condos,available,90,12,7,,,
d97cab20-20b1-493d-a835-1ea7ef99f717,deposit.construction,available,90,12,7,,,
99b32956-4c55-41dc-ab69-7d194e9aa140,deposit.consulting,available,90,12,7,,,
e8911232-322e-472b-9e8e-fe89f2fd98b1,deposit.contact,available,90,12,7,,,
f90b5f5e-bdd0-4430-8db0-25224b1feb02,deposit.contractors,available,90,12,7,,,
571e20cb-8e9a-4d17-afe7-00757bb3847b,deposit.cooking,available,90,12,7,,,
8a84968e-d65a-47c6-acc0-01aa88666f29,deposit.cool,available,90,12,7,,,
43b61b24-d807-4ca9-a982-ec66f7021d2c,deposit.country,available,90,12,7,,,
f28baa37-d48e-4e7d-bc79-071c9154470b,deposit.coupons,available,90,12,7,,,
0f44453b-6ece-431a-afb5-23b1d2de6c45,deposit.courses,available,90,12,7,,,
634d3876-da8f-44b0-9768-0c96fca16637,deposit.credit,expiring,90,12,7,"GoDaddy.com, LLC",29/12/2024 08:20,29/12/2025 08:20
3239f227-7944-4891-997c-c62cafa9e4aa,deposit.creditcard,available,90,12,7,,,
0d82fe1a-bb9d-4749-b201-5ef3c6597306,deposit.cricket,premium,90,12,7,,,
8cff1352-a2af-4c4e-ab9d-399ca228007c,deposit.cruises,available,90,12,7,,,
b70515ff-c119-4cc3-95db-16e1c9803485,deposit.cv,premium,90,12,7,,,
c0a56c39-9245-43e3-9a81-589e6877e949,deposit.cyou,premium,90,12,7,,,
2e2b7c7a-7e75-4ee5-b15e-eaf3ba72329d,deposit.dad,premium,90,12,7,,,
56c42317-43c3-4ea1-add1-5d132010f744,deposit.dance,available,90,12,7,,,
5e81fbbf-9d49-4049-8198-2f428af5d50b,deposit.date,premium,90,12,7,,,
a2cc2ad0-6c7f-46dd-bbe0-278e5414c322,deposit.dating,available,90,12,7,,,
851f2077-2ec4-4004-ab9f-f8b2b93e0732,deposit.day,premium,90,12,7,,,
216cb6ce-c1a5-4512-bfa5-054a869632d0,deposit.deal,available,90,12,7,,,
38a615f4-e636-410f-aa92-57909f839157,deposit.dealer,premium,90,12,7,,,
3b5ac702-cfce-4028-b1ad-2db0cf0c5e5b,deposit.deals,available,90,12,7,,,
136b33e7-4f73-45d8-b1c1-7e65412a207e,deposit.degree,available,90,12,7,,,
c14611b1-1bb8-4302-aaf6-548880babecf,deposit.delivery,available,90,12,7,,,
79be5860-a2db-4581-bf9e-36b46e444595,deposit.democrat,available,90,12,7,,,
8726f35d-dd38-4694-a018-f8dc7f4abf57,deposit.dental,available,90,12,7,,,
4eae7d5f-0a3e-4818-9771-912130cb350a,deposit.dentist,available,90,12,7,,,
45a11507-fa2f-427d-aab7-a3afaffec374,deposit.dev,premium,90,12,7,,,
53839995-e98b-460e-8ed2-ced324a02e13,deposit.diamonds,available,90,12,7,,,
08dd218f-efce-4575-a356-e7aa3a2dcb1f,deposit.diet,available,90,12,7,,,
4b92a6aa-9af2-42a3-9cfb-498d725f2fb7,deposit.directory,expired,90,12,7,"GoDaddy.com, LLC",20/10/2024 18:22,20/10/2025 18:22
355a6b95-084c-40d9-902e-194b93ce29d5,deposit.discount,available,90,12,7,,,
1a36435c-34e4-472d-b9a8-12a2dd42dd38,deposit.diy,premium,90,12,7,,,
700bede4-83d1-4be3-947c-2ec4322dc472,deposit.doctor,available,90,12,7,,,
bf70e589-fc82-42cb-b64f-ba9d0ed33226,deposit.dog,available,90,12,7,,,
4d60393a-0f9a-4abb-92c4-ae61ffea4532,deposit.domains,available,90,12,7,,,
09fe941b-602d-49d2-958c-fa8d1497909c,deposit.download,premium,90,12,7,,,
80993551-dc2d-4bf0-acf2-e77523aef55e,deposit.education,available,90,12,7,,,
9d5b6cd5-e969-4567-a1a5-26ee99075d0b,deposit.energy,sold,90,12,7,Dynadot Inc,06/12/2025 15:05,06/12/2026 15:05
44f286cd-cf9a-49f7-8f6b-b7a67cd26db6,deposit.engineer,available,90,12,7,,,
9ed6f5b3-41f9-4696-b3c9-384e1eccbdd0,deposit.engineering,available,90,12,7,,,
c0b4efa3-92c5-45a5-9361-c8473ac8f699,deposit.enterprises,available,90,12,7,,,
f39237a5-3f1b-47cf-90d5-ffbeafe858c2,deposit.equipment,available,90,12,7,,,
ec74b36b-5db2-4734-8bdd-a7f08111dec7,deposit.esq,premium,90,12,7,,,
3988facc-4a57-438f-8c98-6c9f9f62147f,deposit.estate,available,90,12,7,,,
0dc6d874-5815-40b5-b4fd-f0bf86ff1514,deposit.eu,premium,90,12,7,,,
023259c0-d4b7-4795-a5a7-1f5717b15359,deposit.events,available,90,12,7,,,
eb6389ce-6a1c-4ebd-a48b-7049d5469deb,deposit.exchange,premium,90,12,7,,,
44d9f16e-395c-429d-9c0d-069965821ae9,deposit.expert,available,90,12,7,,,
9d7e279a-3ea5-4769-a21a-a547bc36ff47,deposit.exposed,available,90,12,7,,,
a87c53f9-c19c-4502-bae4-77ab8e668ca7,deposit.express,available,90,12,7,,,
1e52d1e3-9eb8-47be-958f-ada2b9c8c343,deposit.fail,available,90,12,7,,,
5ddfaa3f-0217-47cd-986b-7ff4822f0c3f,deposit.faith,premium,90,12,7,,,
b1bc8030-b520-439e-b8b2-577f07f3f149,deposit.family,available,90,12,7,,,
014479f7-dea9-472d-921e-9df1c8c7ee9b,deposit.fan,available,90,12,7,,,
7205c0ee-5a51-48bf-a083-7a7e43b9fac5,deposit.fans,premium,90,12,7,,,
0b86581b-11bb-4118-bef4-4fe27714ecc7,deposit.farm,available,90,12,7,,,
c7a822f9-6b42-4eb8-94ac-f9a9441654e7,deposit.fashion,available,90,12,7,,,
b09ba0d4-2107-415a-a9e7-f4d21f11dde3,deposit.feedback,available,90,12,7,,,
6c7b8707-4345-4416-b431-616cb8e398b6,deposit.film,available,90,12,7,,,
8d9ace2b-2d61-4bae-ab92-94bef7e88a36,deposit.finance,resell,90,12,7,Dynadot Inc,14/11/2025 14:51,14/11/2026 14:51
89e51e13-4416-4418-a2ec-e0218508d3b7,deposit.financial,available,90,12,7,,,
87de12d0-fb08-4494-9600-8047418af5fe,deposit.fish,available,90,12,7,,,
ba99bae7-a72f-427b-966b-75e737686a79,deposit.fishing,available,90,12,7,,,
30bf2d9f-b9d8-459c-b230-3f8b5719a8cf,deposit.fitness,available,90,12,7,,,
46b8055b-24a7-4366-9d72-043cc1fc0468,deposit.flights,available,90,12,7,,,
142f7d83-53af-42dc-afdb-704643031e7c,deposit.florist,available,90,12,7,,,
305595ab-e116-4746-9dba-2b6025bb57b8,deposit.flowers,available,90,12,7,,,
8551afbb-54d6-4bfe-983e-24f101df8519,deposit.fm,available,90,12,7,,,
fbe154d0-c4d6-4491-9190-5fd4a873f782,deposit.foo,premium,90,12,7,,,
6e18b2ab-9c1e-47b6-a815-cf2708a5da9e,deposit.food,premium,90,12,7,,,
f5e4715c-42de-4a26-80e5-3b1c1c396892,deposit.football,available,90,12,7,,,
13e03ecb-2450-4046-9393-b8cd71635ee1,deposit.forsale,available,90,12,7,,,
e848ce6e-ee1c-471f-8303-b4d3e595f203,deposit.forum,premium,90,12,7,,,
5db4937e-e409-4a3e-9fd3-738c10f974b5,deposit.foundation,available,90,12,7,,,
5368e2d7-7016-4c2e-8706-003f3f38207c,deposit.free,premium,90,12,7,,,
610bbbe7-05c9-4aba-8ad5-39e88539e6df,deposit.furniture,available,90,12,7,,,
d89421d5-af37-4234-99d7-ba2f26741575,deposit.futbol,available,90,12,7,,,
c7624914-d017-4f3e-a4a8-fb4607b95750,deposit.fyi,resell,90,12,7,Dynadot Inc,10/02/2023 17:24,10/02/2026 17:24
88c8d49d-cb14-4271-885d-8863f0f63db0,deposit.gallery,available,90,12,7,,,
f81818c9-365a-440d-9a14-29a57821e756,deposit.game,available,90,12,7,,,
9039a5eb-57d2-48d1-bb28-e0180fba5d33,deposit.games,sold,90,12,7,"GoDaddy.com, LLC",10/11/2025 21:06,10/11/2026 21:06
83314d93-58f3-460c-b422-b338546965ee,deposit.garden,premium,90,12,7,,,
11a13fa8-b44f-46a3-bbea-776203580b5a,deposit.gay,available,90,12,7,,,
1fbb3e4d-bfcf-45df-be0f-f9a371db0667,deposit.gg,resell,90,12,7,Dynadot Inc. (https://www.dynadot.com),,
eb4cb1c3-3239-4cde-bcc8-c47e6018dbb4,deposit.gift,available,90,12,7,,,
582e8a77-1f7d-43f5-859f-d021d1e6c5c9,deposit.gifts,available,90,12,7,,,
8dc84891-6b05-4cce-926e-596f71d28d43,deposit.gives,available,90,12,7,,,
d107e7f5-fd93-4cb8-a38c-3905b05e9f0c,deposit.giving,available,90,12,7,,,
90705af6-08ad-4cc3-8faf-c9f288837dbe,deposit.glass,available,90,12,7,,,
3c7a5e5d-a211-4e21-a104-b1d91ff6892c,deposit.global,premium,90,12,7,,,
c1418220-4051-48f2-84a9-5cbcbc2fb28d,deposit.gmbh,available,90,12,7,,,
1e1ddcfd-1e1b-47d1-be0d-cb09c43a45fa,deposit.gold,resell,90,12,7,"DNSPod, Inc.",18/03/2018 23:17,18/03/2026 23:17
0cc90bcb-7053-4648-88f9-719edc849035,deposit.golf,available,90,12,7,,,
a0d04d89-996d-4649-85f8-b50fe38de577,deposit.graphics,available,90,12,7,,,
de35d1e8-e85d-461b-9c0c-9fe0f15dce1b,deposit.gratis,available,90,12,7,,,
66df7aef-575b-4940-8bb5-00377f0a67b1,deposit.gripe,available,90,12,7,,,
10a4ef41-8268-4215-bf11-b7ac331cdd3f,deposit.group,resell,90,12,7,Alibaba Cloud Computing Ltd. d/b/a HiChina (www.net.cn),05/12/2019 23:18,05/12/2026 23:18
e11ef154-f6a9-4621-b6a6-2c2d92b11165,deposit.guide,available,90,12,7,,,
5aa6200b-5a20-4056-8ec9-e42a0d61a6e5,deposit.guitars,available,90,12,7,,,
f6e65f09-14e1-446c-abeb-d543624930e0,deposit.guru,sold,90,12,7,"GoDaddy.com, LLC",07/12/2025 04:06,07/12/2026 04:06
8fb3d270-3a9d-4a20-a2b3-f6b0e4fcf41b,deposit.hair,available,90,12,7,,,
c4ebda8f-5fb8-48af-9e01-a6ef88596502,deposit.haus,available,90,12,7,,,
172d8cd3-f667-499a-8362-1eb3fb682e60,deposit.health,available,90,12,7,,,
76cb30b8-73b5-4007-99a0-8cd56b2cfd04,deposit.healthcare,available,90,12,7,,,
af0fbd43-37e2-4cb5-82d1-a4ea9e068eb2,deposit.help,premium,90,12,7,,,
1e5b9afe-4a08-4acc-8eee-3349be4aff8d,deposit.hiphop,available,90,12,7,,,
131b3d9e-b269-4062-964e-8f39d410e1f0,deposit.hiv,available,90,12,7,,,
a2a5484e-b814-4179-81c7-7e433c4c1d85,deposit.hockey,available,90,12,7,,,
3a142988-7bde-4a32-9969-6c009de4832e,deposit.holdings,available,90,12,7,,,
1b7a8698-731a-4eb4-baf0-122dc906ff9b,deposit.holiday,available,90,12,7,,,
18ab2e6f-7f4d-4411-9d7e-850b10d8e266,deposit.homes,resell,90,12,7,"Sav.com, LLC",19/01/2025 16:11,19/01/2026 23:59
f467a907-09c6-4399-8de4-7a83adb5d4d3,deposit.horse,available,90,12,7,,,
36284186-a48a-46a1-a3fd-443b5dc09577,deposit.hospital,available,90,12,7,,,
f22e3683-a2c3-445a-a51a-99bd9a535a4e,deposit.host,premium,90,12,7,,,
e1ad9c4e-a37d-4b60-9a6b-65999a6f383b,deposit.hosting,available,90,12,7,,,
26a853ef-936f-4792-9c8a-0471025f1163,deposit.hot,premium,90,12,7,,,
e637ecf1-5d8e-4740-887a-9cc79c7309e4,deposit.house,available,90,12,7,,,
918220fd-3165-4136-8575-00e6f62ebb6b,deposit.how,premium,90,12,7,,,
2e654c77-1ba0-4eeb-ad78-7c9592083c79,deposit.icu,premium,90,12,7,,,
6c4509fb-d050-470c-ba18-906f9c00036f,deposit.id,expiring,90,12,7,PANDI Registrar,31/12/2023 14:09,31/12/2025 23:59
b9076ca5-d4ac-451b-8076-ec9fdac5d0ad,deposit.im,premium,90,12,7,,,
6b6cec9b-8be9-4c5c-ac72-a9af269f701c,deposit.immobilien,available,90,12,7,,,
8c49d39e-105b-4a9e-9b1a-30efae9fa0e2,deposit.inc,premium,90,12,7,,,
dded325d-0bd9-4340-83fc-66778c96dc8a,deposit.industries,available,90,12,7,,,
987f5ca6-4875-4870-a607-3835dd464c04,deposit.info,resell,90,12,7,RegistryGate GmbH,13/07/2002 19:31,13/07/2026 19:31
abc51a4f-708e-4542-90a5-040dc22176dc,deposit.ing,premium,90,12,7,,,
d18200a5-71b3-4305-904e-cf8a021d67d8,deposit.institute,available,90,12,7,,,
2b60fe61-f969-475c-b6d5-341369f7409e,deposit.insure,available,90,12,7,,,
14e033f7-a4ba-49ed-ae23-989a9d425382,deposit.investments,available,90,12,7,,,
a301bf59-ead6-43a5-9c36-7e56d8ca58d6,deposit.irish,available,90,12,7,,,
48f89452-b75f-416e-b94d-82d5e20f4392,deposit.it,expiring,90,12,7,,06/02/2010 08:50,30/12/2025 00:00
9809948c-37b7-4c37-bc7f-01c43cf4c63b,deposit.jetzt,available,90,12,7,,,
c9d43ec3-649e-4c2c-8a26-c9f63f435a70,deposit.jewelry,available,90,12,7,,,
ccec56ca-bc56-477c-b279-71cbfdc3a365,deposit.juegos,available,90,12,7,,,
c277b942-05a0-4d68-ac4a-565c77f08c06,deposit.kaufen,available,90,12,7,,,
42b5400b-3573-450f-8feb-732feb0a746f,deposit.kids,premium,90,12,7,,,
4474b646-a636-4924-9f77-4dada6509fae,deposit.kim,available,90,12,7,,,
14143350-5a79-4bc6-8767-4ffa29c26aea,deposit.kitchen,available,90,12,7,,,
f4ea5fa4-60cf-4694-b4fd-a3ca69af9657,deposit.land,available,90,12,7,,,
f7c34f5d-7786-4657-95bb-7c22a89c8a3a,deposit.lat,expiring,90,12,7,Namecheap,29/12/2024 15:36,29/12/2025 23:59
631bfad2-298a-4df9-be97-cd179e5e5bb2,deposit.law,sold,90,12,7,"GoDaddy.com, LLC",15/11/2025 19:41,15/11/2026 19:41
73a35df6-e492-4be2-b04a-94a409611d43,deposit.lawyer,available,90,12,7,,,
c4e9598a-299d-4118-8d2b-a71038f0db09,deposit.lease,available,90,12,7,,,
1d10b01f-3658-4f78-9aa5-fbd7d2f44bc1,deposit.legal,sold,90,12,7,Domain Science Kutatási Szolgáltató Korlátolt Felelősségű Társaság,27/11/2024 13:38,27/11/2026 13:38
8a92934f-e91d-4064-b593-0d5a3dda8127,deposit.lgbt,available,90,12,7,,,
2d9517cf-6215-4fb1-b7b4-ff526fe65a41,deposit.life,resell,90,12,7,Dynadot Inc,09/03/2018 20:14,09/03/2026 20:14
91fe5b3e-7c1d-4d24-93de-8d6d5e6c3351,deposit.lifestyle,premium,90,12,7,,,
6186b340-a669-45d7-bdcb-fa21ef5aca0b,deposit.lighting,available,90,12,7,,,
1a48c9e5-0da4-4196-a6ce-dc44509277f1,deposit.limited,available,90,12,7,,,
bd03b15e-3c5f-4513-84dd-e8d1486d7bd0,deposit.limo,available,90,12,7,,,
45753c0f-8ad8-4559-884e-cae9c29eaa35,deposit.link,premium,90,12,7,,,
7a7e5fd6-9d13-4964-a0ba-4a8b316baf05,deposit.live,resell,90,12,7,"Sav.com, LLC - 11",11/03/2025 15:15,11/03/2026 15:15
2674c9e2-b242-4ef6-b68c-27990212606a,deposit.living,premium,90,12,7,,,
7d52cda8-0eff-4c25-81b7-a65de66ede59,deposit.llc,available,90,12,7,,,
c65385d1-47d0-485f-913f-3854e2f7fb7b,deposit.loan,premium,90,12,7,,,
0115c8f4-8b17-4204-95ea-53303918d449,deposit.locker,premium,90,12,7,,,
b42bc6ff-83bd-43d4-9368-df97a8373dc3,deposit.london,available,90,12,7,,,
dd3900bb-8665-419e-88c7-e55f74f2db66,deposit.love,available,90,12,7,,,
f3d5d3c4-5c0b-4df3-acc7-cf0cb35cfdf8,deposit.ltd,available,90,12,7,,,
e40a8528-11dd-46f2-8bd6-1331b32ffdab,deposit.ltda,available,90,12,7,,,
f532d8ee-35d0-47d7-9505-5cf48f2c7fbd,deposit.luxe,available,90,12,7,,,
3b05ddf3-190a-404c-a936-26fe8b198ef7,deposit.luxury,available,90,12,7,,,
98c62496-52b2-4e68-9423-c7b812d223da,deposit.makeup,available,90,12,7,,,
7a5b0773-e358-4959-92e4-365a99a541d4,deposit.management,available,90,12,7,,,
211b128e-b021-4504-8786-6bfcd9fdcd1c,deposit.market,premium,90,12,7,,,
9e8d4c55-dc1f-4343-931d-8d1a044654d6,deposit.marketing,available,90,12,7,,,
4dee2e8b-5d20-4df9-b720-1fb18cb8e4f6,deposit.mba,available,90,12,7,,,
bb93ca93-2be8-4cf1-845e-a4630dd45816,deposit.me,resell,90,12,7,"GoDaddy.com, LLC",17/08/2008 08:25,17/08/2026 08:25
3c907453-ca15-4671-9bca-d518c1ce42da,deposit.melbourne,premium,90,12,7,,,
754b42f4-507a-4812-9b5d-20bfdea80004,deposit.meme,premium,90,12,7,,,
1d045705-6efd-4a1f-b015-850950792cdd,deposit.memorial,available,90,12,7,,,
c8a21cf1-2edc-41e1-95df-ad761990bdbb,deposit.men,premium,90,12,7,,,
ef7108f8-65a0-482a-a6a0-e69b9a041d42,deposit.menu,premium,90,12,7,,,
24a69897-4b80-4971-ac46-1138393c5f43,deposit.miami,available,90,12,7,,,
f3e5e9f6-a8cb-40c6-8857-c0fcd873587b,deposit.mobi,premium,90,12,7,,,
d015f77d-517f-48c3-b9d4-6ea50c6cdbeb,deposit.moda,available,90,12,7,,,
59eea3c9-2e1f-41a1-b8bd-97b1be29bfaa,deposit.moe,available,90,12,7,,,
56389216-63d2-4f33-b5e0-701173cf67cb,deposit.mom,available,90,12,7,,,
2df4c32e-b7c7-40c7-ab43-f604088ed95d,deposit.mortgage,available,90,12,7,,,
76bab553-7840-425f-ad1b-03d693ae880f,deposit.motorcycles,available,90,12,7,,,
3a4bb660-2532-488d-b26a-55b90a429c29,deposit.mov,premium,90,12,7,,,
db564442-6167-4c10-bc25-fef0c704388c,deposit.movie,available,90,12,7,,,
a202599b-1c36-4dee-81da-311e045f10ee,deposit.music,available,90,12,7,,,
42599e68-a1d8-4a8f-ab40-20f17cef93f3,deposit.my,premium,90,12,7,,,
eb34a042-e9c1-4415-bc5a-3f5d422b73a7,deposit.name,available,90,12,7,,,
fb0add66-30b4-4434-aac5-ee5fc9926a69,deposit.navy,available,90,12,7,,,
5a58fe0a-9b68-40a6-a7c6-c6ef9794935b,deposit.network,resell,90,12,7,"Sav.com, LLC - 13",25/06/2024 15:15,25/06/2026 15:15
a27e9dc9-28d8-45c4-940d-0a9e9e6792fc,deposit.news,available,90,12,7,,,
4a37942a-b5c1-4585-b91d-4b0b75a4749a,deposit.nexus,premium,90,12,7,,,
03fc6557-3fba-484b-955e-02aa6264db9a,deposit.ngo,available,90,12,7,,,
069ac5a6-e1b9-40cc-8301-0a703c08e777,deposit.ninja,available,90,12,7,,,
b6779d22-fade-4172-8f0c-9b34a5da6c65,deposit.nyc,resell,90,12,7,Hello Internet Corp.,12/02/2016 04:38,11/02/2026 23:59
496113b5-1cb2-4802-bebc-fa349282e200,deposit.observer,sold,90,12,7,Cloudflare,18/10/2025 17:03,18/10/2026 17:03
f6dfebb9-0761-4f48-ac4b-17c60642c27b,deposit.one,premium,90,12,7,,,
ae86d33a-deaa-4271-a61f-55fd12e92cbb,deposit.ong,available,90,12,7,,,
f224bf00-e711-4476-ae84-abce08f6c59e,deposit.online,premium,90,12,7,,,
d9c6f9ef-9407-45d8-b093-a2c6a988201c,deposit.ooo,available,90,12,7,,,
ee322eac-b2a7-4a7a-a611-086a75563057,deposit.org,resell,90,12,7,"GoDaddy.com, LLC",07/10/2002 18:02,07/10/2026 18:02
a28e33d5-7631-4435-b498-5dda05fd8bf1,deposit.organic,available,90,12,7,,,
19c6d988-d7b5-4be2-a5d8-899563865c56,deposit.osaka,available,90,12,7,,,
4991c3db-fcba-424c-ae39-96a31e1665b1,deposit.page,premium,90,12,7,,,
a6ad9471-ea51-41f5-8d8a-34fdd6b5bde3,deposit.partners,available,90,12,7,,,
e23ce53b-5dee-4a42-ac7c-c7987353cecd,deposit.parts,available,90,12,7,,,
ff976755-5ea4-4bad-a8d1-a3f131fee435,deposit.party,premium,90,12,7,,,
48ed9ac6-4412-442c-9354-499294504f45,deposit.pet,available,90,12,7,,,
00347338-991e-485f-8577-d4bbff67cbcb,deposit.phd,premium,90,12,7,,,
8cb39952-e1e7-4424-a153-b282151e9616,deposit.photo,premium,90,12,7,,,
a57b29dc-c50a-457f-b75d-46db70167a44,deposit.photography,available,90,12,7,,,
0e589794-6346-4735-890c-520a05c9b424,deposit.photos,resell,90,12,7,"Spaceship, Inc.",30/11/2020 09:27,30/11/2026 09:27
28545171-ec0a-48ce-9cd4-2b31c4802fb3,deposit.pink,available,90,12,7,,,
e20c2cc3-62b9-4eaf-af5c-28049eb959c2,deposit.pizza,available,90,12,7,,,
b835557f-0b55-463b-a3f8-21d0a9bcd0b2,deposit.place,available,90,12,7,,,
604717b0-2fa0-4ba9-a4b5-0254c2ab3d50,deposit.plumbing,available,90,12,7,,,
61f7fdd5-dfcf-4811-b97d-ff05955d40b7,deposit.plus,available,90,12,7,,,
a0cf2c41-d5b9-4994-9b67-5f7b3335840f,deposit.poker,available,90,12,7,,,
6f60a88c-6f11-41d0-a63c-2070885ddf30,deposit.porn,available,90,12,7,,,
7ebddbcb-a029-45bc-b3ef-fbc3b21901a2,deposit.press,premium,90,12,7,,,
e3ddf6b3-1106-4884-83fb-b571e9d8c137,deposit.productions,available,90,12,7,,,
0cca7c85-31e3-4f8c-aa4e-d2f96517c157,deposit.prof,premium,90,12,7,,,
83792bec-2b94-4e1a-93f9-97384ab3a36a,deposit.promo,available,90,12,7,,,
97d776ad-f24b-46cd-8bd1-1614f352f94d,deposit.properties,available,90,12,7,,,
f1b01787-e2f1-4df5-9844-99a114525ab5,deposit.property,premium,90,12,7,,,
b54c0e92-7196-4c61-b040-b95d792ff1b1,deposit.protection,available,90,12,7,,,
648ba5f8-1cbb-4a0c-ab81-a8650f51cc1f,deposit.pw,premium,90,12,7,,,
8ed07f61-5901-446b-bb61-7f3714fb598b,deposit.qpon,available,90,12,7,,,
bdd43375-f1ad-4118-97c0-709c9868247e,deposit.quest,resell,90,12,7,Namecheap,19/08/2025 22:46,19/08/2026 23:59
7d31704e-4f13-4565-9405-78b3c853f9cc,deposit.racing,premium,90,12,7,,,
320ef30d-3f88-4578-a07f-43b47bc00554,deposit.realty,available,90,12,7,,,
cbb7b5fe-f6e0-4dcb-a09d-33dea7b0a242,deposit.recipes,available,90,12,7,,,
28d7362f-5c88-478b-aa34-eb38607f809c,deposit.red,available,90,12,7,,,
a03054f5-a6dd-43f7-a6d5-92936d0442e2,deposit.rehab,available,90,12,7,,,
4e50b9f4-dcff-4917-8466-26cc1559e947,deposit.reise,available,90,12,7,,,
be13cb70-5b68-4fa0-8e3f-bb41fda08b56,deposit.reisen,available,90,12,7,,,
ef5db454-aecd-44a6-9213-48c78c509efc,deposit.rentals,available,90,12,7,,,
af006c8e-c99e-4be3-9dec-65cc695b0f0c,deposit.repair,available,90,12,7,,,
d8fe41bf-e2a8-4e25-be62-bfc10e14542e,deposit.report,available,90,12,7,,,
1d564810-ba74-4d99-b676-03b8d2d3998f,deposit.republican,available,90,12,7,,,
69b81529-5eba-4ed6-b30b-a6308ff7615b,deposit.rest,available,90,12,7,,,
e1242ccb-c5ce-4462-a31a-d4c0e6c8893b,deposit.restaurant,available,90,12,7,,,
e57394d6-3e7e-434b-9d79-c55ffe43ccde,deposit.review,premium,90,12,7,,,
a8b9557a-d585-416e-9922-7396033ea3da,deposit.reviews,available,90,12,7,,,
51f28adc-da90-4c12-9268-1befc5413b38,deposit.rich,available,90,12,7,,,
87bc2644-4a2a-4c31-9627-ddb99efb8a11,deposit.rip,available,90,12,7,,,
22961969-4d13-469a-8746-0cc95a96e125,deposit.rocks,available,90,12,7,,,
f5fe47fb-9fa9-4abc-9ce2-9c05cbc30501,deposit.rodeo,available,90,12,7,,,
50c17f00-aa2c-420a-ac2f-eea0895d7214,deposit.rsvp,premium,90,12,7,,,
346f44a5-31dc-4850-b898-4194a1f97005,deposit.sale,available,90,12,7,,,
8c757d6d-b119-47df-b337-412c744cf6dd,deposit.salon,available,90,12,7,,,
65363498-74b2-45a3-a573-f66fdc58ebc4,deposit.sarl,available,90,12,7,,,
18f75c77-3097-4ddb-b983-3d60478b88c9,deposit.sbs,premium,90,12,7,,,
7ca114ac-ea7c-430f-a286-1f8ceb6e9de4,deposit.school,available,90,12,7,,,
cffb0699-e0b6-4211-8b70-eae2dff75418,deposit.schule,available,90,12,7,,,
d3d4a359-0bc7-46ee-9f5b-c97045e1a35f,deposit.science,premium,90,12,7,,,
03b0d5b0-43a8-438c-a0a9-1536c6175403,deposit.security,available,90,12,7,,,
c945000f-48af-486f-8629-85e32252988a,deposit.sexy,available,90,12,7,,,
5bc48b3c-45da-4c6e-b975-3f962611898d,deposit.shiksha,available,90,12,7,,,
ea2d597c-341e-4be1-8dc7-f852d7246a2e,deposit.shoes,available,90,12,7,,,
5c47fe4c-a7e0-468d-8b48-ff61d202fa95,deposit.shopping,available,90,12,7,,,
c1ba9e52-d7a4-4de1-898d-74dcd079fc02,deposit.show,available,90,12,7,,,
c87eba38-8c1c-4304-9122-eab299079779,deposit.singles,available,90,12,7,,,
278a4b6c-cb32-49c7-9e34-74076ab92b89,deposit.site,premium,90,12,7,,,
adfd149e-cf91-4aa6-9867-9e67ff065b1e,deposit.ski,available,90,12,7,,,
38849edd-55ad-4fdd-bb8d-a42ee085f9de,deposit.skin,available,90,12,7,,,
6629eef6-b48d-4f51-910d-30db59225dbd,deposit.so,expiring,90,12,7,NameCheap,17/07/2024 15:03,17/07/2025 15:03
b8ae14bc-2804-4202-8bf1-2261e34d89ee,deposit.soccer,available,90,12,7,,,
3b801282-f387-42ae-8c6e-6e51bb4afc0d,deposit.social,available,90,12,7,,,
36ead8b3-1b19-4be0-8ff1-e0936ea6bf9f,deposit.software,available,90,12,7,,,
476a109c-4a13-4e67-aebf-c167ee029f54,deposit.solar,available,90,12,7,,,
1b8f9242-863c-4913-8ba1-f5e17dbbd03c,deposit.solutions,available,90,12,7,,,
d5fffbc6-eda3-434b-9187-4ef4a66d03ef,deposit.soy,premium,90,12,7,,,
7e9295a2-af97-49ca-bb03-bfedf9c1e918,deposit.space,premium,90,12,7,,,
87c6913b-ffa5-4e24-abef-3901e4ec5bb1,deposit.spot,premium,90,12,7,,,
546d3765-5368-472b-9a2c-860d9aacbea7,deposit.srl,available,90,12,7,,,
a1739a0e-3a12-4aca-8519-131299fac7d1,deposit.storage,available,90,12,7,,,
824cba22-336f-4ec2-87cb-8a4d7bc9f4a2,deposit.store,premium,90,12,7,,,
d3f5de36-9efa-4df6-8c9b-67ae8dfef670,deposit.stream,available,90,12,7,,,
435c562b-b574-4290-bf36-546db00bcc5a,deposit.studio,available,90,12,7,,,
6ce9f625-48e7-4723-bf80-dff86d7af08d,deposit.study,premium,90,12,7,,,
4b0b77ca-86de-458a-bedb-cb36f971d730,deposit.style,available,90,12,7,,,
b95a66ea-bec2-4818-a634-87a8c03293aa,deposit.sucks,available,90,12,7,,,
8e5c84a5-e8f1-4980-a1c0-89309b5c8424,deposit.supplies,available,90,12,7,,,
b72828ef-6a31-4f35-8353-f10d80251a52,deposit.supply,available,90,12,7,,,
5fa36259-525f-49b1-88e9-7b63e24bd24f,deposit.surf,available,90,12,7,,,
eb429292-c49f-4317-85d5-d4e5f650000d,deposit.surgery,available,90,12,7,,,
c1db089d-ccad-405a-86ec-dadab539ff79,deposit.sydney,premium,90,12,7,,,
c5cd889f-e9cc-430e-8c42-b1144a1df614,deposit.talk,premium,90,12,7,,,
6ff0aade-14ca-4ca7-a5cc-4f55e87c46f9,deposit.tattoo,available,90,12,7,,,
f0a62105-80a7-47b4-8046-694d1c40a6db,deposit.tax,premium,90,12,7,,,
2c9c7c34-582d-4588-a7e0-c93e7f5694de,deposit.taxi,available,90,12,7,,,
c7ae361e-6f1e-4db6-98c7-5f500190883c,deposit.team,available,90,12,7,,,
f9fd9f46-f08e-48ba-82a4-df5fbe2d7471,deposit.tech,premium,90,12,7,,,
641fe010-2b07-43ea-8d29-d6969b4d20ec,deposit.technology,available,90,12,7,,,
a04825a8-fdb9-4b1e-8f35-a0ec5af8ebde,deposit.tel,available,90,12,7,,,
3e1da0db-97cc-4ca6-97c9-afcbf9a57c5f,deposit.tennis,available,90,12,7,,,
e5e3b47a-f340-4798-a636-37eb2012ef08,deposit.theater,available,90,12,7,,,
c1a91c94-f497-468d-a299-723ecb7c6782,deposit.theatre,available,90,12,7,,,
57b97b6a-adc9-464f-9368-34b934cec1c0,deposit.tickets,available,90,12,7,,,
9d53b627-2a76-47f6-b1c0-196a7e066dfa,deposit.tienda,available,90,12,7,,,
ba677423-340c-4d72-968f-49e4457a2eec,deposit.tips,available,90,12,7,,,
ff011f4d-cb1c-4190-8b9f-41b3881502e8,deposit.tires,available,90,12,7,,,
7eb278ae-44b5-40f5-92fe-8bbed23ea719,deposit.tools,available,90,12,7,,,
5f38c7a0-cf83-4ee1-81eb-6769a83e43f9,deposit.top,premium,90,12,7,,,
15306412-0ec7-413c-9779-a561c95c3cf0,deposit.tours,available,90,12,7,,,
a6bc5b91-b46c-4745-b49d-c09674e3b72c,deposit.town,available,90,12,7,,,
30974401-b1d7-49d9-ba62-0b7ca26ce8e1,deposit.toys,available,90,12,7,,,
07d3c86a-cfff-4717-afd1-9e398f34b7c7,deposit.trade,premium,90,12,7,,,
188d46b0-ee35-4d6d-8b28-0ee7f558a3af,deposit.training,available,90,12,7,,,
7837e50c-f476-483f-b4c7-be084e121f0a,deposit.travel,available,90,12,7,,,
deb1b16c-d917-4d02-bbcc-19f67f908f39,deposit.tube,available,90,12,7,,,
ac6042f1-6972-47ac-a16a-a4199d286e68,deposit.tv,premium,90,12,7,,,
5b95a3ff-5bef-49dd-bf5b-c436fe209795,deposit.university,available,90,12,7,,,
486d1c32-f1d9-4e7e-9fc6-b0314659eef4,deposit.uno,premium,90,12,7,,,
da2633de-a504-4931-bfba-1ed25913892a,deposit.vacations,available,90,12,7,,,
0490114d-2fea-4d57-8c81-4b5aa84df664,deposit.vana,available,90,12,7,,,
a136c845-5b32-472c-9de1-45e61a35c991,deposit.vegas,available,90,12,7,,,
9affba22-61bc-4c3d-8c83-4639b120a612,deposit.ventures,available,90,12,7,,,
8d6e23ac-ac50-4f32-ae2b-8279b7493946,deposit.vet,available,90,12,7,,,
2cd79d05-dc77-4c75-8f68-c6e59c24f865,deposit.viajes,available,90,12,7,,,
b8268fa7-92d1-4d8a-a5b2-d4e5fd82f706,deposit.video,available,90,12,7,,,
9a609bd5-7117-4151-8ed8-0dc7ce1364d0,deposit.villas,available,90,12,7,,,
7855eeaf-c497-4c50-a2a7-5c4f55da2f6d,deposit.vin,available,90,12,7,,,
a756058b-6995-4234-8a32-3e6dd5e3baf9,deposit.vision,available,90,12,7,,,
2eb0ca50-a641-4b1c-8a5f-61a70a850c96,deposit.vodka,available,90,12,7,,,
a1a99123-b876-422e-9898-a4f30040f232,deposit.vote,available,90,12,7,,,
22c4baa4-0e0a-403d-ada4-c6c893a2ad2c,deposit.voting,available,90,12,7,,,
104647d1-4901-4e81-baf8-ac2f779305c6,deposit.voto,available,90,12,7,,,
66ed54f6-126e-4a19-885d-f7226c52b71f,deposit.voyage,available,90,12,7,,,
c50959ba-58ff-40d4-b0bf-4ea63159fa9b,deposit.watch,available,90,12,7,,,
926523af-fa7a-4efa-9058-1bac667170bc,deposit.webcam,available,90,12,7,,,
ed66ad8d-eb91-4296-a8e1-9f14d37b693a,deposit.website,premium,90,12,7,,,
4270fe79-d64f-4d3c-88d4-56cf1a1ff29b,deposit.wedding,available,90,12,7,,,
d1c5a84e-a9d3-4094-bd69-bcdf4af87784,deposit.wine,available,90,12,7,,,
6bb8d2d1-52a7-40ff-aa63-626a2aa19b88,deposit.work,premium,90,12,7,,,
87955f08-6f0b-48b7-a4c8-602ff5d7e7ea,deposit.works,available,90,12,7,,,
35f96fff-03af-4219-9c28-f5a8bd29b11b,deposit.world,resell,90,12,7,"Xiamen ChinaSource Internet Service Co., Ltd",24/03/2019 14:59,24/03/2026 14:59
a0e4c680-25bb-4ec4-9a1d-c09a8561e598,deposit.wtf,premium,90,12,7,,,
05c5e3ab-4bf2-492e-887a-9d0ce3de875a,deposit.xyz,resell,90,12,7,"Go Daddy, LLC",05/10/2021 13:18,05/10/2026 23:59
627fca80-c0e5-4d46-a22d-88928336b1ca,deposit.yachts,expired,90,12,7,"Porkbun, LLC",23/09/2024 07:17,23/09/2025 23:59
2effa7b0-f729-4c5d-b83a-4dd1a09b8ccc,deposit.yoga,available,90,12,7,,,
e26f92b4-b132-4089-964c-065c4a2e66c4,deposit.you,premium,90,12,7,,,
18f9b669-6cbf-4cfb-872d-9a014b0d259a,deposit.zip,premium,90,12,7,,,
3aa35f52-c7b8-4a6d-8c95-70432e452cae,deposit.zone,available,90,12,7,,,
3bf3eb10-85d0-483c-b2b6-bff1b1f2c3b7,loan.at,sold,90,92,4,"cix.at - Internet services, Manfred Jambor ( https://nic.at/registrar/342 )",,
546932a0-1f35-464e-81ee-814745ea36ba,loan.dev,premium,90,92,4,,,
dcaa33b6-3219-4990-ba45-994034921cdf,loan.gg,resell,90,92,4,"humbly, LLC (http://park.io)",,
b7f699de-ebf6-4819-bbc2-33645162b61b,loan.ninja,premium,90,92,4,,,
b0354ab9-b014-483f-badc-b50d0ea9282d,loan.online,premium,90,92,4,,,
f30b17e8-231f-4f39-b76d-13b859d242b0,loan.pro,resell,90,92,4,Porkbun LLC,22/08/2005 00:00,22/08/2026 00:00
d1b02841-2722-4497-9550-85a730aa7e13,loan.site,premium,90,92,4,,,
35f4cd31-c63a-493d-a1a3-7876f3bda462,loan.space,premium,90,92,4,,,
cc4bbc4a-6d7c-4ce5-b08a-b16b424fc1d2,loan.store,premium,90,92,4,,,
df4cce8f-aa74-41db-85d3-efbc3a6795de,loan.tech,premium,90,92,4,,,
fa91c020-5fef-4fbc-8297-fa2c0c2dce6b,loan.zone,premium,90,92,4,,,
cf2fbf23-e984-4d40-8545-45167ccde2a8,account.accountant,premium,98,27,7,,,
6391a988-b765-44b2-8244-554d9cbb1859,account.accountants,available,98,27,7,,,
ccc3a0ca-e5f6-4251-b52d-b8bda66f12b5,account.actor,available,98,27,7,,,
f4a75258-43f1-4dfb-b914-8dbbcc28ade5,account.adult,available,98,27,7,,,
61cb4296-ceee-4629-91c2-289e561d234f,account.ag,available,98,27,7,,,
813d9df0-af92-4758-9d44-d466c45b823d,account.agency,resell,98,27,7,Porkbun LLC,08/10/2020 20:38,08/10/2026 20:38
86b3d9fe-b270-48db-af3c-0535f47d7fe7,account.airforce,available,98,27,7,,,
5a9e963e-c2a2-489e-9529-7d212ef36187,account.apartments,available,98,27,7,,,
fa3d8abe-a106-40a6-9d29-0792afef561c,account.archi,premium,98,27,7,,,
0a65b3be-69af-44d2-a586-7e4d549d437b,account.army,available,98,27,7,,,
2fcd7cb5-4ab0-4408-9cbb-d07339e1fafc,account.art,premium,98,27,7,,,
f3779fd8-5d7d-4942-b790-f11c5b442aa4,account.associates,available,98,27,7,,,
3ec7d556-524e-4dae-843b-0b7181a2ea25,account.at,premium,98,27,7,,,
ad7bf513-d730-4e7c-9331-8bd3cc26ccc0,account.attorney,premium,98,27,7,,,
79f03519-54f1-41d4-bc5c-fe3d6d4b2453,account.auction,available,98,27,7,,,
194a700c-7fa9-42d0-a6d0-635ed8f0500c,account.auto,available,98,27,7,,,
cfea8d7f-45c2-495b-93e4-f8b6457f3f7b,account.autos,premium,98,27,7,,,
4596f779-127b-4d92-8df3-42749641fc3b,account.baby,expired,98,27,7,"Porkbun, LLC",20/09/2024 07:04,20/09/2025 23:59
9b1d9dba-8388-4494-adeb-0228f4c0b8cf,account.band,available,98,27,7,,,
52b259d1-c48b-49f5-bd80-8659f0448ebb,account.bar,premium,98,27,7,,,
6da5978e-1a3f-4e69-8a4e-3f09e9e16866,account.bargains,available,98,27,7,,,
5150acbd-3921-4283-bb25-ea6692738ee8,account.bayern,available,98,27,7,,,
c9ec93c8-41bb-42db-a035-ed96f7a85133,account.beer,available,98,27,7,,,
9bce090b-ff91-47f9-a538-1fd7d64ae407,account.berlin,available,98,27,7,,,
1fd4eda9-28c7-4ee4-a296-50b9246a7fa5,account.bet,premium,98,27,7,,,
7527219c-033a-4484-88d4-219143d6b920,account.bid,premium,98,27,7,,,
7760250b-7166-444b-8892-9d582e8a2b83,account.bike,expiring,98,27,7,"Key-Systems, LLC",07/12/2017 15:56,07/12/2025 15:56
112a1a16-7b4c-4ab8-8ff1-c8c85e830bac,account.bingo,available,98,27,7,,,
b23bd975-619a-4e66-87cc-bf76b554f50b,account.biz,resell,98,27,7,"GoDaddy.com, LLC",09/06/2004 17:01,08/06/2026 23:59
7044955a-2bb5-403b-8f2d-5b7669031659,account.black,premium,98,27,7,,,
a72156b0-d9f1-4aa1-a328-f7f9f9c9b084,account.blog,premium,98,27,7,,,
dc9a9ea5-976d-48f1-a81c-e90450509465,account.blue,premium,98,27,7,,,
73169b1e-e8fb-4db5-a79d-ace04af4b1f4,account.boats,available,98,27,7,,,
6bebc03c-1126-4298-846c-9957453ca518,account.bond,premium,98,27,7,,,
ff884752-d84e-45e0-a60a-d1e5bd9fefc6,account.boo,premium,98,27,7,,,
63384124-a890-4660-b2a3-d18531d7ca87,account.boston,available,98,27,7,,,
c13e5a69-b5b8-4ab5-b54a-3dbbca61ec7a,account.bot,premium,98,27,7,,,
e7538c3a-82cb-483e-9fed-c7440f169c90,account.build,premium,98,27,7,,,
2d3cac49-9ad3-480c-9e2b-3c7860b505a8,account.buzz,premium,98,27,7,,,
72218bd2-81e0-4f7b-ad02-0af7a07d88aa,account.bz,premium,98,27,7,,,
c459b5e5-ecf4-4e96-aadb-3bcac8f23392,account.cab,available,98,27,7,,,
f299f3ca-4bd6-471e-8c50-df24f501a673,account.cafe,expired,98,27,7,Porkbun LLC,19/09/2024 15:52,19/09/2025 15:52
941f7e31-3285-4cfc-aa0e-ba5a7584c2d3,account.cam,resell,98,27,7,Realtime Register B.V.,22/03/2020 17:23,22/03/2029 23:59
5997694a-93cb-4093-8e9f-b90795e572f1,account.camera,available,98,27,7,,,
ccc040ba-7248-4a9b-99ac-6801d41ebbde,account.camp,available,98,27,7,,,
a07c3ba7-9b5e-4498-9bac-4f0e3c775b19,account.capital,resell,98,27,7,Dynadot Inc,09/06/2025 17:00,09/06/2026 17:00
f6941d5b-0f6a-4c42-bc29-3146a69f3030,account.car,available,98,27,7,,,
37be5ac7-786c-44b5-b710-df27d11cd626,account.cards,premium,98,27,7,,,
ab9e3e42-0932-4e06-9f6c-bf2621a8d13f,account.careers,available,98,27,7,,,
49392343-7514-412d-b2c6-e37bdc896a7a,account.cars,available,98,27,7,,,
39e44d94-9fe0-4adc-88ca-ce5a09639661,account.casino,premium,98,27,7,,,
02b3774a-f9d2-4124-a8b2-36f52ae51db2,account.catering,premium,98,27,7,,,
5337f692-0a9e-4703-95ac-1ca40e82f0cc,account.cfd,premium,98,27,7,,,
af691de1-6c98-43b3-9396-d03bc78ad00e,account.charity,available,98,27,7,,,
2558ee10-0b31-4ec9-a75d-9e0688c6c52b,account.church,available,98,27,7,,,
6cd775c6-5f74-445c-a217-44328694aa79,account.claims,expired,98,27,7,"NameSilo, LLC",30/11/2024 07:40,30/11/2025 07:40
315a19d6-5102-48f3-9788-93526cd8db53,account.cleaning,available,98,27,7,,,
b20bf9c4-98a9-4d17-8f1f-3a5924085360,account.clothing,available,98,27,7,,,
d98daa05-8fe2-4dd5-9169-ccae6b0b4a2a,account.cloud,premium,98,27,7,,,
2e98f8d5-c71b-429f-9b5f-ce241c38dab0,account.club,premium,98,27,7,,,
3fce7316-91a8-449f-b458-917ef4877885,account.co,premium,98,27,7,,,
57d19a38-50ed-4f3e-89dc-7783eb22f630,account.coach,premium,98,27,7,,,
e9888a71-50dd-48c6-8f71-f3fecf18abb3,account.codes,available,98,27,7,,,
8de88d70-9bc0-4d4e-b8e1-289d77b28c65,account.coffee,available,98,27,7,,,
823e786d-acd7-444a-81c7-ac020704b74b,account.college,premium,98,27,7,,,
1f1dadb1-533b-4d1c-995d-bda2c5753c72,account.condos,available,98,27,7,,,
02f779e3-388f-48cd-adab-e882e94a9482,account.construction,available,98,27,7,,,
c7a781e8-4a87-4254-911f-20ec5b7e0084,account.consulting,premium,98,27,7,,,
247a19a2-69f6-4318-9451-38e656f7a3ea,account.contact,resell,98,27,7,Porkbun LLC,09/12/2020 16:01,09/12/2026 16:01
32742692-c51b-47cb-b75c-78403f4ea3f6,account.cooking,available,98,27,7,,,
50b8b950-bbef-4398-9201-973fc9413ef4,account.country,available,98,27,7,,,
7e568c45-6d7a-4b92-897c-a75da0f617cd,account.coupons,available,98,27,7,,,
54729dbc-8d73-4065-8831-e95da6c9e93d,account.courses,premium,98,27,7,,,
11293088-cbfe-42cc-a2da-64185eba01d5,account.creditcard,premium,98,27,7,,,
b362ffd2-cd28-4e0e-a2f4-1b665c104d53,account.cricket,available,98,27,7,,,
03d60824-cd23-43e8-bb7c-fa8b8ccafc2a,account.cruises,premium,98,27,7,,,
a143a22b-aa49-490f-8d1b-8a29e15a2615,account.cv,premium,98,27,7,,,
b76ddc7f-2784-4448-b06b-ed114ab48b88,account.cx,expired,98,27,7,CentralNic Ltd,15/11/2024 00:00,15/11/2025 11:49
aae7911e-be33-4882-899c-29d01d0aa4ee,account.cyou,premium,98,27,7,,,
dba7bfba-943a-4086-866a-f177221c60d3,account.dad,premium,98,27,7,,,
a47b8e1e-5a3f-47e5-9443-202003014213,account.dance,available,98,27,7,,,
cfdb8e51-7b7d-464f-86f7-2d6de7067759,account.date,premium,98,27,7,,,
21a1e531-c8b1-4765-921f-f901aca70c7f,account.dating,premium,98,27,7,,,
db8e9094-a18a-4cba-a9f0-3a6e29050e39,account.day,premium,98,27,7,,,
f4031b71-2174-42a0-9254-8958634aa13d,account.deal,premium,98,27,7,,,
a5a3d67c-a097-425f-b753-f703d2ea36bb,account.dealer,premium,98,27,7,,,
725258f0-e31b-4fd0-a963-6612f0c8baf4,account.deals,premium,98,27,7,,,
7a89fff6-9e69-41b5-8456-046b279cfa51,account.degree,available,98,27,7,,,
ccd3225a-7b00-4da6-b44c-52085c60a719,account.delivery,available,98,27,7,,,
872a6b44-dfec-4338-8231-9a409090fa60,account.democrat,available,98,27,7,,,
066421f7-e581-42c4-ac82-f429b8ae780c,account.dental,available,98,27,7,,,
25105429-c124-4a05-9620-3a47b9f245f7,account.dentist,available,98,27,7,,,
cb68962d-f14d-4fe8-8d5a-71422871fc4c,account.diamonds,available,98,27,7,,,
8432dd12-84b9-4c40-a8df-862f4e052bd6,account.digital,resell,98,27,7,"Sav.com, LLC - 3",27/02/2025 15:15,27/02/2026 15:15
8c7d0abe-eab0-4a01-8824-da6daf0dcc97,account.discount,premium,98,27,7,,,
edfabee0-53b4-42fa-a91c-371664905527,account.doctor,available,98,27,7,,,
067e15ce-35a0-4070-99f3-4d18e5cbff81,account.dog,available,98,27,7,,,
7c0fc963-8566-4aaf-af0a-6c6c12ac2db8,account.domains,available,98,27,7,,,
99e2a81c-8309-448c-b505-e8caa2bb7782,account.download,premium,98,27,7,,,
5572236b-4fde-4b46-b85d-1ca2d37373e8,account.earth,expiring,98,27,7,"GoDaddy.com, LLC",01/01/2020 22:40,01/01/2026 22:40
fa8c303c-2389-4e5e-8d99-715e16971a16,account.education,available,98,27,7,,,
0f8710b4-e6fb-48f1-8c85-eb50e0d47361,account.engineering,available,98,27,7,,,
c573ee74-7aa3-4320-badb-2e7dd7f89512,account.enterprises,available,98,27,7,,,
f817e8e8-5411-430b-a420-caa7c43d8ac0,account.equipment,available,98,27,7,,,
adb51e2e-23ce-43df-84d3-ef15a8c8c3e1,account.esq,premium,98,27,7,,,
e5a146ef-3fb8-4e78-8033-d530100dfeba,account.events,premium,98,27,7,,,
61d2ff98-015e-40d9-9502-82f5b955166f,account.expert,resell,98,27,7,"Sav.com, LLC",30/01/2025 15:05,30/01/2026 15:05
02de6501-e531-41ef-9623-a3f4ec45754c,account.exposed,available,98,27,7,,,
ca9f22d6-79b6-4e20-83e1-32ba1af15422,account.fail,premium,98,27,7,,,
5dd5ef85-8288-4fbe-b283-367dd24e7f44,account.faith,premium,98,27,7,,,
6acf3765-2eb7-4b68-8bf4-845691a59e79,account.family,premium,98,27,7,,,
a4c09602-f0c5-410f-a98b-0f877dd172f4,account.fans,premium,98,27,7,,,
2f6c707a-71e9-4167-9d82-43ef7f0ab604,account.farm,expired,98,27,7,Tucows Domains Inc.,24/09/2024 07:37,24/09/2025 07:37
9a63098e-0e39-48ff-9a99-c5f411b399c7,account.fashion,available,98,27,7,,,
c6b15881-7a3b-4e66-ad44-3db97560b6bd,account.film,available,98,27,7,,,
bac9b1b6-9d2c-4544-a2a0-343e53a35d85,account.finance,resell,98,27,7,Dynadot Inc,22/08/2025 17:00,22/08/2026 17:00
4423cd10-12b5-4fb5-8fcd-f8550a308612,account.financial,premium,98,27,7,,,
1c067deb-17fd-496c-bb16-2326bce399df,account.fish,available,98,27,7,,,
29151dc1-321a-486e-b400-45549396c888,account.fishing,premium,98,27,7,,,
4fedd540-3a43-4c70-b353-2a0e44c2d4d8,account.fit,resell,98,27,7,"Spaceship, Inc.",04/10/2025 19:47,04/10/2026 19:47
4a833321-af1d-4935-9637-84e1b75ea4e4,account.fitness,available,98,27,7,,,
cced57ff-4c3a-44bc-9bca-01b1b16393dc,account.flights,available,98,27,7,,,
7eb0a36e-ac06-44ec-b533-ab51336b0843,account.florist,available,98,27,7,,,
51311c98-a963-421d-b0d2-512aae790537,account.fm,available,98,27,7,,,
506ee67e-8c6d-43ab-87e6-78967d4d0d47,account.foo,premium,98,27,7,,,
59750e52-94c7-4b35-8380-c2b7b7d95e5d,account.food,available,98,27,7,,,
ee590cad-7add-415a-a45e-172ecb3e06ce,account.football,available,98,27,7,,,
62396ded-2124-4b73-8154-49aa10dd97c0,account.forsale,premium,98,27,7,,,
e02378f1-c57d-491e-82c9-7b5e02dd98d4,account.free,premium,98,27,7,,,
5b139d76-3131-4d10-aee1-16b116ce9676,account.fun,premium,98,27,7,,,
19b8f153-85a5-4f20-8eb6-35bc11d4c9ca,account.furniture,available,98,27,7,,,
467cf53f-2746-48d5-b607-9ac04eb35680,account.futbol,available,98,27,7,,,
846962ad-56b9-45c1-8d7e-0839f282e5c5,account.game,available,98,27,7,,,
a448a3ce-0ac8-458c-aff4-70d687ef59f4,account.games,resell,98,27,7,"DNSPod, Inc.",25/11/2020 08:47,25/11/2026 08:47
36f3d0f5-0f18-48af-a68e-63cae2cdcf6f,account.garden,premium,98,27,7,,,
dfc04c6d-ffd1-42df-ba79-78dfa7ed34e0,account.gay,available,98,27,7,,,
786a4161-84b2-4333-b220-5f00e11280e9,account.gg,resell,98,27,7,"humbly, LLC (http://park.io)",,
866889f3-be26-4564-bf30-d8f1d0c3e36f,account.gifts,premium,98,27,7,,,
79fbecdb-e71e-4077-9328-bd46bee8f92d,account.gives,available,98,27,7,,,
98f5dd0f-2b1c-4ed5-83b1-cbfe48728cdc,account.giving,sold,98,27,7,"NameCheap, Inc.",17/11/2025 11:20,17/11/2026 11:20
d66046b4-f075-4342-81ff-2b0ba43b5a30,account.glass,available,98,27,7,,,
4f2e9dd4-7617-459a-9bdc-0803289b6f32,account.global,premium,98,27,7,,,
977d2edf-3b28-44c7-9c11-bd8013044d20,account.gmbh,sold,98,27,7,"Key-Systems, LLC",01/10/2018 17:36,01/10/2026 17:36
2cefd453-57ec-4480-b037-9f3ea163f98e,account.graphics,available,98,27,7,,,
260039ae-5b63-45f3-86b6-00920971feab,account.gratis,premium,98,27,7,,,
be85ce67-8d4c-4a93-bb37-b619d538d32a,account.green,premium,98,27,7,,,
5dd6db31-eb6a-4dc3-8264-c09c6ace6b66,account.group,resell,98,27,7,Squarespace Domains II LLC,08/09/2019 14:31,08/09/2026 14:31
c010951f-6beb-42ff-b95f-158d59705668,account.guru,expiring,98,27,7,Infomaniak Network SA,28/12/2021 22:52,28/12/2025 22:52
27b85159-afc1-44a5-8907-c54eeb4eedde,account.hair,available,98,27,7,,,
76e3b950-d5a3-4267-8229-97b0033c5dec,account.haus,available,98,27,7,,,
498dafc9-0d63-4dc5-b6fa-b2da51bcd6d7,account.health,available,98,27,7,,,
917eb0d7-04e5-4606-8113-b0785a515eb2,account.healthcare,premium,98,27,7,,,
a7aa6e96-9217-4f60-a66a-e51a755ae37b,account.hiv,available,98,27,7,,,
d1b525e2-3869-4158-8192-ed3f28424ce6,account.hockey,available,98,27,7,,,
92ed2a63-a517-4d0e-bd34-d5d4bc1f164e,account.holiday,available,98,27,7,,,
5477c426-d2c6-4da4-98ff-362302c9db76,account.homes,resell,98,27,7,Dynadot LLC,03/07/2025 13:05,03/07/2026 23:59
bd2f30d6-ce44-48ef-afbe-9aa4b1b0dac0,account.horse,available,98,27,7,,,
1316c469-9fe7-4c5b-986d-b669326e9702,account.hospital,available,98,27,7,,,
ca04cd5f-3932-4142-8072-610774466109,account.host,premium,98,27,7,,,
7376b585-541a-4f9b-9c29-084a57386212,account.hot,premium,98,27,7,,,
5e6769c6-c80f-441e-bdcb-afabd8856d2b,account.how,premium,98,27,7,,,
ed93a422-c889-4392-a94a-fafd38ab55b6,account.icu,premium,98,27,7,,,
f8acb252-3074-4416-a647-3c2c818b1239,account.im,premium,98,27,7,,,
c81063ca-75ad-492d-bd5e-eb4de141391c,account.immo,available,98,27,7,,,
c3eb7111-ae6b-4410-a57a-9192b08878ea,account.immobilien,available,98,27,7,,,
b1823205-b16d-47cb-b409-476fa57718fc,account.inc,premium,98,27,7,,,
7199eee1-aead-4924-885c-3d1aabcf0355,account.industries,premium,98,27,7,,,
71e36988-cd55-49b0-8a99-06cf97bfaf79,account.info,resell,98,27,7,"Xiamen ChinaSource Internet Service Co., Ltd",30/09/2025 15:15,30/09/2026 15:15
f0610d58-9705-40c1-9eea-8b32e144cdad,account.ing,premium,98,27,7,,,
b88b8047-2bdc-4a23-9ed6-0895c806d054,account.ink,premium,98,27,7,,,